date,AT,BE,BG,CY,CZ,DE,DK,EE,ES,FI,FR,GB,GR,HR,HU,IE,IT,LT,LU,LV,MT,NL,PL,PT,RO,SE,SI,SK
2015-12-27,0,0,0,0,0,0,0,0,67.18212320397379,0,90.00267615553861,0,0,0,0,0,0,0,0,0,0,0,0,140.55326535076605,0,0,0,0
2016-01-03,0,0,0,0,0,0,0,0,86.97566680985497,0,61.85561926901167,0,0,0,0,0,0,0,0,0,0,0,0,93.81804566503816,0,0,0,0
2016-01-10,0,0,0,0,0,0,0,0,47.16963633565135,0,63.270119700649104,0,0,0,0,0,0,0,0,0,0,0,0,0,0,0,0,0
2016-01-17,0,0,0,0,0,0,0,0,48.246578223974936,0,51.45047490611324,0,0,0,0,0,0,0,0,0,0,0,0,0,0,0,0,0
2016-01-24,0,0,0,0,0,0,0,0,50.1002431313129,0,64.05804679451525,0,0,0,0,0,0,0,0,0,0,0,0,91.63048752930288,0,0,0,0
2016-01-31,0,0,0,0,0,0,0,0,38.845736141222545,0,79.3617016323696,0,0,0,0,0,0,0,0,0,0,0,0,0,0,0,0,0
2016-02-07,0,0,0,0,0,0,0,0,40.13390296961635,0,88.78371596277871,0,0,0,0,0,0,0,0,0,0,0,0,0,0,0,0,0
2016-02-14,0,0,0,0,0,0,0,0,40.87728429691926,0,100.28677366736608,0,0,0,0,0,0,0,0,0,0,0,0,0,0,0,0,0
2016-02-21,0,0,0,0,0,0,0,0,49.31003466885351,0,110.93442647611508,0,0,0,0,0,0,0,0,0,0,0,0,0,0,0,0,0
2016-02-28,0,0,0,0,0,0,0,0,26.19307490874295,0,106.21750804322286,14.252662798523088,0,0,0,0,12.841141772760237,0,0,0,0,0,0,0,0,0,0,0
2016-03-06,0,0,0,0,0,0,0,0,63.270455994976835,0,101.11125433123796,0,0,0,0,0,0,0,0,0,0,0,0,0,0,0,0,0
2016-03-13,0,0,0,0,0,0,0,0,46.65471358322213,0,111.8577625320152,0,0,0,0,0,0,0,0,0,0,0,0,0,0,0,0,0
2016-03-20,0,0,0,0,0,0,0,0,39.72753957972397,0,106.95277916924644,0,0,0,0,0,0,0,0,0,0,0,0,0,0,0,0,0
2016-03-27,0,0,0,0,0,0,0,0,46.48555822917037,0,107.3613374635598,0,0,0,0,0,0,0,0,0,0,0,0,0,0,0,0,0
2016-04-03,0,0,0,0,0,0,0,0,36.94664239495805,0,104.9224774014496,0,0,0,0,0,0,0,0,0,0,0,0,0,0,0,0,212.68206273816747
2016-04-10,0,0,0,0,0,0,0,0,63.30132762358182,0,124.86930115460248,0,0,0,0,0,0,0,0,0,0,0,0,0,0,0,0,0
2016-04-17,0,0,0,0,0,0,0,0,43.61231492883903,0,181.74648596424208,13.995381989609744,0,0,0,0,0,0,0,0,0,0,0,0,0,0,0,0
2016-04-24,0,0,0,0,0,0,0,0,62.85284281730944,0,121.501593240849,7.862305146297582,0,0,0,0,0,0,0,0,0,0,0,139.62261224848788,0,0,0,0
2016-05-01,0,75.15074256858132,0,0,0,0,0,0,117.94666097336729,0,341.32138184948593,0,0,0,0,0,0,0,0,0,0,0,0,97.08752376712596,0,0,0,0
2016-05-08,0,76.88030895738986,0,0,0,0,0,0,51.061151948797736,0,258.9067116055615,8.522416406307723,0,0,0,0,23.404925968504184,0,0,0,0,0,0,0,0,0,0,0
2016-05-15,0,0,0,0,0,0,0,0,137.32615523293907,0,296.8443743488781,205.8568901729604,0,0,0,0,0,0,0,0,0,0,0,120.04323125055268,0,0,0,0
2016-05-22,0,0,0,0,0,0,0,0,135.15281147771563,0,302.2823838923902,93.92578737082512,0,0,0,0,20.482745632245944,0,0,0,0,0,0,93.02971802916088,0,0,0,0
2016-05-29,0,0,0,0,0,0,0,0,126.8618459154586,0,186.85203903034477,37.01439384472927,0,0,0,0,44.09670291487807,0,0,0,0,0,0,0,0,0,0,0
2016-06-05,0,0,0,0,0,0,0,0,143.77774276392375,0,288.23330140677797,44.895738884953616,71.06902994198265,0,0,0,57.558827581850394,0,0,0,0,0,0,93.6182454419312,0,0,0,0
2016-06-12,0,0,0,0,0,0,0,0,128.20586941459004,0,147.0202515213641,12.62356725441532,0,0,0,0,14.25717016250026,0,0,0,0,0,0,0,0,0,0,0
2016-06-19,0,0,0,0,0,0,0,0,113.86981178082098,0,203.74413371243008,17.412387375663318,0,0,0,0,0,0,0,0,0,0,0,0,0,0,0,0
2016-06-26,0,0,0,0,0,0,0,0,134.99525815022602,0,202.88426164980785,14.440699884494224,0,0,0,0,28.02844336574653,0,0,0,0,0,0,195.84065267471945,0,89.75215992854994,0,0
2016-07-03,0,0,0,0,0,0,0,0,135.65184670364908,0,206.229269035967,0,0,0,0,0,0,0,0,0,0,0,0,209.94045452390375,0,0,0,0
2016-07-10,0,0,0,0,0,0,0,0,128.0345903975924,0,228.93594745817444,12.674527851285989,0,0,0,0,0,0,0,0,0,0,0,270.90926973238777,0,0,0,0
2016-07-17,0,0,0,0,0,0,0,0,171.82694296401172,0,363.61949782115977,17.126054398193745,0,0,0,0,28.45553294591058,0,0,0,0,0,0,232.15802609420513,0,0,0,0
2016-07-24,0,0,0,0,0,9.286837676532947,0,0,164.83625731463542,0,461.32098693286366,15.126349027055197,0,0,0,0,0,0,1334.2726066946448,0,0,0,0,207.99930398337284,0,0,0,193.82283616112863
2016-07-31,0,0,0,0,0,10.628543618360174,0,0,189.48921124229577,0,318.6826861888219,21.236775524104672,0,0,0,0,18.97075095514089,0,0,0,0,0,0,210.5844580939514,0,0,0,0
2016-08-07,0,0,0,0,0,0,0,0,183.36023887593825,0,382.1416524849253,11.791862065891028,0,0,0,0,31.24699394394715,0,0,0,0,0,0,150.6095117711631,0,0,0,0
2016-08-14,0,0,0,0,0,0,0,0,250.597310919627,0,374.9957609033776,20.878479670729767,0,0,0,0,59.12803625850345,0,0,0,0,0,0,201.3929518917716,0,0,0,0
2016-08-21,0,0,0,0,0,0,0,0,267.6936854519284,0,476.7069578124138,17.709555056183977,0,0,0,0,23.62853305859954,0,0,0,0,0,0,335.33860013541033,0,0,0,0
2016-08-28,0,0,0,0,0,0,0,0,256.5928444431408,0,390.370075868365,18.844476382125848,0,0,0,0,27.976300097629387,0,0,0,0,0,0,329.5229192558871,0,0,0,0
2016-09-04,0,0,0,0,0,16.159225420125818,0,0,293.550395899003,0,398.4818548424427,12.97130438704704,0,570.3771188068565,0,0,0,0,0,0,0,0,0,359.23413593843264,0,0,0,0
2016-09-11,0,0,0,0,0,12.029979735595449,0,0,210.3447937841415,0,326.6651684551545,16.398846841332887,0,434.0495819207604,0,0,0,0,0,0,0,31.087400475915913,0,332.2682436355992,0,52.33267485063662,0,0
2016-09-18,0,0,0,0,0,0,0,0,228.854946760093,0,336.1968655659082,234.7406102047472,0,0,0,0,13.57265265567523,0,0,0,0,0,0,275.29398152444867,0,0,0,0
2016-09-25,0,0,0,0,0,0,0,0,198.17446295983635,0,268.7011997563184,62.84712662995973,0,0,0,0,19.135496481241027,0,0,0,0,0,0,284.0850975375912,0,0,0,0
2016-10-02,0,0,0,0,0,0,0,0,175.95256209798134,0,231.30872821896287,171.01911815422068,0,0,0,0,0,0,0,0,0,0,0,237.03412606960788,0,0,0,0
2016-10-09,0,0,0,0,0,0,0,0,200.22710665907945,0,205.41112743825175,44.2295833063793,0,0,0,0,0,0,0,0,0,0,0,502.05900309863455,0,0,0,0
2016-10-16,0,0,0,0,0,0,0,0,154.24047722713507,0,211.61376762179063,29.327442842563304,0,0,0,0,0,0,0,0,0,0,0,233.1352634836393,0,0,0,0
2016-10-23,0,0,0,0,0,0,0,0,142.035500748109,0,202.8131622971982,43.80427977628363,0,0,0,0,0,0,0,0,0,0,0,276.7813659058397,0,0,0,0
2016-10-30,0,0,0,0,0,0,0,0,129.72225252216367,0,303.0264070836514,15.244853903673404,0,0,0,0,0,0,0,0,0,0,0,459.2101294898131,0,0,0,0
2016-11-06,0,0,0,0,0,0,0,0,117.24710426478828,0,237.09489334325937,0,0,0,0,0,0,0,0,0,0,0,0,197.2950135900599,0,0,0,0
2016-11-13,0,0,0,0,0,0,0,0,119.82683020723547,0,266.5230712054714,0,0,0,0,0,0,0,0,0,0,0,0,206.03931470390293,0,0,0,0
2016-11-20,0,162.3701631975857,0,0,0,0,0,0,82.18139195803495,0,246.6507445318489,0,0,0,0,0,0,0,0,0,0,0,0,93.73669398920563,0,0,0,0
2016-11-27,0,0,0,0,0,0,0,0,81.75201877301542,0,189.9570147229989,0,0,0,0,0,15.20584666216615,0,0,0,0,0,0,0,0,0,0,0
2016-12-04,0,0,0,0,0,0,0,0,84.49235497919238,0,132.4541218289304,0,0,0,0,0,82.16301531513533,0,0,0,0,0,0,0,0,0,0,0
2016-12-11,0,0,0,0,0,0,0,0,71.97914879567215,0,112.65255954275187,0,0,0,0,0,0,0,0,0,0,0,0,96.80230760275695,0,0,0,0
2016-12-18,0,0,0,0,0,0,0,0,53.10553541700705,0,97.04312239973656,0,0,0,129.49121745159314,0,15.510557117834692,0,0,0,0,0,0,123.76859295918987,0,0,0,0
2016-12-25,0,0,0,0,0,0,0,0,77.23545413475934,0,96.94417469255778,0,0,0,0,0,15.722575000551254,0,0,0,0,0,0,0,0,0,0,0
2017-01-01,0,0,0,0,0,0,0,0,63.24814843883979,0,77.95702623093683,0,0,0,0,0,0,0,0,0,0,0,0,0,0,0,0,0
2017-01-08,0,0,0,0,0,0,0,0,42.23501558816779,0,70.74683724754574,0,0,0,0,0,0,0,0,0,0,0,0,114.05062592949427,0,0,0,0
2017-01-15,0,0,0,0,99.99838146475336,0,0,0,48.33054330996395,0,52.867187001809654,0,0,0,0,0,13.104020458834835,0,0,0,0,0,0,0,0,0,0,0
2017-01-22,0,0,0,0,0,0,0,0,142.63371917871424,0,57.80453443479445,0,0,0,0,0,0,0,0,0,0,0,0,0,0,0,0,0
2017-01-29,0,0,0,0,0,0,0,0,77.85717789271786,0,48.65135550136836,0,0,0,0,0,17.698120032605395,0,0,0,0,0,0,0,0,0,0,0
2017-02-05,0,0,0,0,0,0,0,0,56.37329343670141,0,56.7461397246603,0,0,0,0,0,17.864721219417277,0,0,0,0,0,0,0,0,0,0,0
2017-02-12,0,0,0,0,0,0,0,0,57.667447229978144,0,89.57741993986586,0,0,0,0,0,12.49501638101096,0,0,0,0,0,0,0,0,0,0,0
2017-02-19,0,0,0,0,0,0,0,0,57.01165279711144,0,141.90995289553908,0,0,0,0,0,11.948634283084086,0,0,0,0,0,0,0,0,0,0,0
2017-02-26,0,0,0,0,0,0,0,0,46.76609481992317,0,106.65215550103206,0,0,0,0,0,0,0,0,0,0,0,0,0,0,0,0,0
2017-03-05,0,0,0,0,0,0,0,0,70.09989351893253,0,135.76640516239155,0,0,0,0,0,14.1409720194985,0,0,0,0,0,0,0,0,0,0,0
2017-03-12,0,0,0,0,0,0,0,0,116.20090981571576,0,176.05748639551595,0,0,0,0,0,16.197441674628987,0,0,0,0,0,0,0,0,0,0,0
2017-03-19,0,0,0,0,0,0,0,0,70.9174615056511,0,171.91998642504169,0,0,0,0,0,20.269215964301345,0,0,0,0,0,0,102.34610689123907,0,0,0,0
2017-03-26,0,0,0,0,0,0,0,0,72.44424478054447,0,351.26314001241286,0,0,0,0,0,13.734499026046551,0,0,0,0,0,0,0,0,0,0,0
2017-04-02,0,0,0,0,0,0,0,0,128.31272557648333,0,318.43674665874835,0,0,0,0,0,12.653504560762984,0,0,0,0,0,0,155.62820840421486,0,0,0,0
2017-04-09,0,0,0,0,0,15.172658827373576,0,0,153.62543335519587,0,413.6167331043693,0,0,0,0,0,55.59985666729312,0,0,0,0,0,0,628.4817283138369,0,0,0,0
2017-04-16,0,0,0,0,0,0,0,0,138.90712808934418,0,318.74671475309987,9.037523643508116,0,0,0,0,19.107150147391867,0,0,0,0,0,0,403.698251537117,0,0,0,0
2017-04-23,0,0,0,0,0,0,0,0,112.63728184470688,0,224.7515742490176,0,0,0,0,0,16.48876771775629,0,0,0,0,0,0,216.45806394616923,0,0,0,0
2017-04-30,0,0,0,0,0,0,0,0,136.9936501608786,0,165.03998181137698,0,0,0,0,0,17.855480195725573,0,0,0,0,0,0,183.17523880413725,0,0,0,0
2017-05-07,0,373.6608540868654,0,0,0,0,0,0,96.25005067660042,0,225.46066220915813,0,0,0,0,0,0,0,0,0,0,0,0,116.69283544768892,0,0,0,0
2017-05-14,0,113.38989176319916,0,0,0,0,0,0,87.45173371317276,0,334.20625014516054,0,0,0,0,0,12.519719751802809,0,0,0,0,0,0,151.64182580393944,0,0,0,0
2017-05-21,0,76.28383946713417,0,0,0,0,0,0,127.2204531012638,0,428.90235383702736,0,0,0,0,0,36.12149132595909,0,0,0,0,0,0,187.69888043325577,0,0,0,0
2017-05-28,0,110.38761805668815,0,0,0,17.907184915605047,0,0,195.59142724479312,0,428.79088195440073,0,0,0,0,0,22.51060278341824,0,0,0,0,0,0,135.44240177255568,0,0,0,0
2017-06-04,0,0,0,0,0,14.241451854803556,0,0,135.40544919720907,0,315.0336770405538,0,0,0,0,0,29.49720423078188,0,0,0,0,0,0,131.42897366151266,0,0,0,0
2017-06-11,0,0,0,0,0,9.76345151764395,0,0,209.97368780680793,0,361.73170735831104,0,0,0,0,0,18.034174985843237,0,0,0,0,0,0,314.55677977088334,0,0,0,0
2017-06-18,0,91.29220282683843,0,0,0,11.968795931393837,0,0,246.80783577689684,0,401.68867643874586,0,0,0,0,0,21.56693724641036,0,0,0,0,0,0,214.6672285538737,0,0,0,0
2017-06-25,0,0,0,0,0,0,0,0,163.6568374843342,0,245.87349174180912,0,0,0,0,0,27.09447083938034,0,0,0,0,0,0,229.09563020712417,0,0,0,0
2017-07-02,0,456.0847739187482,0,0,0,0,0,0,267.8650816327744,0,282.76727888699423,0,0,0,0,0,43.72791182381075,0,0,0,0,0,0,311.97903348401235,0,0,0,0
2017-07-09,0,147.6269948521734,0,0,0,0,0,0,255.26175256172817,0,337.5746207458014,0,0,0,0,0,38.164206469470734,0,0,0,0,0,0,262.62941020442105,0,0,0,0
2017-07-16,0,124.27093400410337,0,0,0,0,0,0,248.15297512939128,0,409.4390966994569,0,0,0,0,0,27.507366236580246,0,0,0,0,0,0,236.287426344875,0,0,0,0
2017-07-23,0,72.70864198278043,0,0,0,0,0,0,320.00303427851117,0,398.7507954540382,0,0,0,0,0,39.03102590695529,0,0,0,0,0,0,343.26224899349364,0,0,0,0
2017-07-30,0,89.50234306536638,0,0,0,0,0,0,330.06372652214907,0,462.1420408509665,6.954930632004935,0,0,0,0,35.8649535951804,0,0,0,0,0,0,358.96445781209246,0,0,0,0
2017-08-06,0,232.48403378235713,0,0,0,9.946201647277377,0,0,332.2957774569231,0,517.8789892023718,0,0,0,0,0,45.733349084944,0,0,0,0,0,0,387.8444571137218,0,0,0,0
2017-08-13,0,98.82109564079092,0,0,0,0,0,0,393.2383877064868,0,694.0807186157114,0,0,0,0,0,46.734563597119056,0,0,0,0,0,0,543.1232157837012,0,0,0,0
2017-08-20,0,100.6277197772297,0,0,0,10.825239416408197,0,0,409.77268053162726,0,724.3534870740375,0,0,0,0,0,52.05485118675846,0,0,0,0,0,0,606.8983937094378,0,0,0,0
2017-08-27,0,189.17776793636733,0,0,0,11.570121695152624,0,0,289.06751388476704,0,507.31140303500274,0,0,0,0,0,40.9209025074372,0,0,0,0,846.5294747330074,0,707.4811303889519,0,0,0,0
2017-09-03,0,86.41209726859242,0,0,0,0,0,0,327.9321801128929,0,341.49915928011296,0,0,0,0,0,27.373310616472,0,0,0,0,142.82920145142086,0,609.9597742756147,0,0,0,0
2017-09-10,0,0,0,0,0,0,0,0,244.1172970010191,0,274.5620593954088,7.9709551887258865,0,0,0,0,23.448363812429346,0,0,0,0,0,0,350.08755057012655,0,0,0,0
2017-09-17,0,60.014719869194394,0,0,0,0,0,0,196.26477666490808,0,272.2253243520839,11.749886620978874,0,0,0,0,25.817870914999897,0,0,0,0,186.54383255285856,0,449.89962614520255,0,0,0,0
2017-09-24,0,64.41686431238091,0,0,0,0,0,0,193.5362135573679,0,307.10840214533033,56.83935370101876,0,0,0,0,25.48296232978591,0,0,0,0,38.533674153400504,0,352.68022034232695,0,0,0,0
2017-10-01,0,678.4470978511755,0,0,0,0,0,0,166.07644984750544,0,230.38277925619713,21.35784238144928,0,0,0,0,15.678024229933174,0,0,0,0,282.99312870254386,0,514.7406480456596,0,0,0,0
2017-10-08,0,121.04585816329693,0,0,0,0,0,0,225.4315674024496,0,258.57281981904526,21.297860663272605,0,0,0,0,29.706508241515024,0,0,0,0,0,0,294.129836725417,0,0,0,0
2017-10-15,0,65.9685876181944,0,0,0,0,0,0,174.3204715139015,0,347.3289310806774,16.41822821666482,0,0,0,0,15.15375370854937,0,0,0,0,0,0,252.1508341568692,0,0,0,0
2017-10-22,0,0,0,0,0,0,0,0,222.08596509629749,0,341.99107500381956,16.172804005541146,0,0,0,0,19.90739791060805,0,0,0,0,0,0,233.38082576889585,0,0,0,0
2017-10-29,0,0,0,0,0,0,0,0,157.86284051927674,0,326.40229404055344,34.2402711156362,0,0,0,0,12.748421610607611,0,0,0,0,0,0,212.32104324927147,0,0,0,0
2017-11-05,0,0,0,0,0,0,0,0,141.58231832173294,0,189.24799710449037,8.306980322970544,0,0,0,0,0,0,0,0,0,0,0,136.6949658598562,0,0,0,0
2017-11-12,0,0,0,0,0,0,0,0,483.9940623386288,0,200.8647139783596,0,0,0,0,0,0,0,0,0,0,0,0,301.12347055217907,0,0,0,0
2017-11-19,0,142.91644550237515,0,0,0,0,0,0,268.084237059071,0,223.62878604699304,0,0,0,0,0,0,0,0,0,0,28.345592973935844,0,168.51428531342088,0,0,0,0
2017-11-26,0,62.424180284787504,0,0,0,0,0,0,235.4615993699892,0,146.64828569154002,0,0,0,0,0,0,0,0,0,0,0,0,219.73669102006127,0,0,0,0
2017-12-03,0,54.04267623079319,0,0,0,0,0,0,137.40784670408712,0,92.91344543606527,0,0,0,0,0,0,0,0,0,0,0,0,114.54742833231182,0,0,0,0
2017-12-10,0,0,0,0,0,0,0,0,99.89705488382778,0,79.28763075401123,0,0,0,0,0,0,0,0,0,0,0,0,0,0,0,0,0
2017-12-17,0,0,0,0,0,0,0,0,68.62426051034858,0,66.8015423381892,0,0,0,0,0,0,0,0,0,0,0,0,0,0,0,452.409334275196,0
2017-12-24,0,0,0,0,0,0,0,0,80.48233655674824,0,59.66958233195436,0,0,0,0,0,0,0,0,0,0,0,0,210.37327367434511,0,0,0,0
2017-12-31,0,0,0,0,0,0,0,0,63.54996966231493,0,61.168930315733206,0,0,0,0,0,0,0,0,0,0,0,0,199.65902412361723,0,0,0,0
2018-01-07,0,0,0,0,0,0,0,0,85.0612062649066,0,52.06481942181048,0,0,0,0,0,0,0,0,0,0,0,0,307.5486706405313,0,0,0,0
2018-01-14,0,0,0,0,0,0,0,0,65.30098780530544,0,64.08105000807572,0,0,0,0,0,0,0,0,0,0,0,0,433.3838570380684,0,0,0,0
2018-01-21,0,0,0,0,0,0,0,0,64.97460816680798,0,61.170762395241105,0,0,0,0,0,0,0,0,0,0,0,0,115.045592748838,0,0,0,0
2018-01-28,0,0,0,0,0,0,0,0,89.96044673189269,0,53.71306058546202,0,0,0,0,0,0,0,0,0,0,0,0,125.53816573127445,0,0,0,0
2018-02-04,0,0,0,0,0,8.151579504623111,0,0,46.39845856961992,0,50.139435983277366,0,0,0,0,0,0,0,0,0,0,0,0,114.66916359027236,0,0,0,0
2018-02-11,0,0,0,0,0,0,0,0,58.05508739561234,0,60.02031501660303,0,0,0,0,0,15.33997828429757,0,0,0,0,0,0,0,0,0,0,0
2018-02-18,0,0,0,0,0,0,0,0,67.9590332881916,0,87.30390853069567,0,0,0,0,0,0,0,0,0,0,0,0,92.06030233877604,0,0,0,0
2018-02-25,0,0,0,0,0,0,0,0,77.07419735833258,0,95.46698780576511,0,0,0,0,0,12.464732863643956,0,0,0,0,0,0,117.21497400041666,0,0,0,0
2018-03-04,0,0,0,0,0,0,0,0,51.079731077369694,0,102.78492711917988,0,0,0,0,0,0,0,0,0,0,0,0,98.32268819304022,0,0,0,0
2018-03-11,0,0,0,0,0,0,0,0,89.65487838375644,0,108.0834783803388,0,0,0,0,0,0,0,0,0,0,0,0,153.33236523802412,0,0,0,0
2018-03-18,0,0,119.24257022768228,0,0,0,0,0,68.36340335520588,0,73.68563410246041,0,0,0,0,0,0,0,0,0,0,0,0,0,0,165.16108995377877,0,0
2018-03-25,0,0,0,0,0,0,0,0,104.32479248833354,0,137.4536064558529,0,0,0,0,0,0,0,0,0,0,0,0,0,0,0,0,0
2018-04-01,0,0,0,0,0,0,0,0,88.4613630222755,0,120.91862797895308,0,0,192.36439144483225,0,0,0,0,0,0,0,0,0,95.3692028272771,0,0,0,0
2018-04-08,0,0,0,561.6085173784614,0,0,0,0,73.24159050476538,0,154.66661469299515,9.797707654479415,0,0,0,0,0,0,0,0,0,0,0,0,0,0,0,0
2018-04-15,0,124.73145058374848,0,0,0,0,0,0,148.7246070596327,0,622.0614360215965,43.67226524099737,0,0,0,0,19.32885262226673,0,0,0,0,0,0,242.89809778671383,0,0,0,0
2018-04-22,0,140.57908151143857,0,0,203.1997504935563,0,0,0,188.784033714794,0,743.5492848755777,19.02395989532112,0,0,0,0,36.69436187832283,0,0,0,0,0,0,281.9106286221268,0,0,0,0
2018-04-29,0,192.09758902684817,0,0,117.66325048373564,0,0,0,140.96311994062293,0,395.99123265667333,13.537621199895888,0,0,0,0,14.380854152856449,0,0,0,0,0,0,212.9259501317972,0,0,0,0
2018-05-06,0,301.03009074527176,0,0,0,17.465708892638734,0,0,210.84849346090027,0,808.4698160719017,66.00399425163242,0,0,0,0,22.492345633247588,0,0,0,0,40.1397972940127,0,208.11201548982908,0,0,0,0
2018-05-13,0,127.75319094098418,0,0,0,8.811885593687963,0,0,145.02105396847264,92.7421312008729,451.71348254983354,41.8448129001005,0,0,0,0,21.32861879541572,0,0,0,0,24.8454166720752,0,225.95235188141856,0,0,0,0
2018-05-20,0,156.10495572050033,0,0,0,11.611710261622362,0,0,177.10327843038073,0,564.5379244120134,41.2698928278126,0,0,0,0,20.493505036577545,0,0,0,0,31.765746078152624,0,194.1641744544096,0,0,0,0
2018-05-27,0,128.53957232244406,0,0,0,11.658885473026448,0,0,145.18390884685778,0,431.88864573472665,46.08404139343224,0,0,0,0,32.69396026929648,0,0,0,0,0,0,104.89352784402348,0,0,0,0
2018-06-03,0,181.04013692081097,0,0,0,8.809564492313926,0,0,126.8962485602918,0,449.4632279046557,40.29551633183432,0,0,0,0,32.88871537851826,0,0,0,0,29.399765075448364,0,92.6549690740238,0,0,0,0
2018-06-10,0,93.59211201799224,0,0,0,12.977883612391578,0,0,165.61328716002598,0,322.2667191172055,29.015138863748344,0,0,0,0,16.42817737846007,0,0,0,0,0,0,154.25400618504497,0,0,0,0
2018-06-17,0,84.73287599395648,0,0,0,9.420131867406337,0,0,152.25547593324197,0,405.92558855943423,18.2958398572105,0,0,0,0,33.52341142171184,0,0,0,0,0,0,262.0531536873752,0,0,0,0
2018-06-24,0,78.59039720586902,0,0,0,0,0,0,160.263909859488,0,485.43559906140933,24.876701690176485,0,0,0,0,23.92353856965483,0,0,0,0,0,0,137.71169280573687,0,86.42006581201032,0,0
2018-07-01,0,437.9636497683363,0,0,0,19.5686522305871,0,0,169.83700055388044,0,487.42645210836326,47.84027633630525,0,0,0,0,40.704028177318335,0,0,0,0,26.592540883945723,0,94.87972168839786,0,0,0,0
2018-07-08,0,272.4022672679364,0,0,0,23.44351439193345,0,0,328.75375352584643,0,921.5566446053732,32.662139655971544,0,0,0,0,96.64467359506276,0,0,0,0,34.123307004676384,0,274.2240837011481,0,0,0,0
2018-07-15,0,231.39347970440937,0,0,0,22.721595761017277,0,0,2323.2879040475655,0,829.4312235563795,27.662719316451533,0,0,0,0,71.99570032826794,0,0,0,0,28.282223497443933,0,221.9390266044284,0,0,0,0
2018-07-22,0,361.26309721194554,0,0,0,16.888218760102383,0,0,2235.3744501523947,0,1065.399091779693,23.64704769026383,0,0,0,0,38.55556621269734,0,0,0,0,0,0,314.54313110713866,0,0,0,0
2018-07-29,0,679.7014903647305,0,0,0,17.27138201096426,0,0,1361.5658603330285,0,1376.6898392382284,15.413334948237235,0,0,0,0,54.626318881067874,0,0,0,0,191.6868302451903,0,585.9766798514046,0,0,0,0
2018-08-05,0,525.2498009142306,0,0,0,21.259387215989943,0,0,1128.520738426743,0,1637.311514192424,32.53101762374038,0,0,0,0,88.30612341238962,0,0,0,0,91.28160721758684,0,562.4510072514462,0,0,0,0
2018-08-12,0,328.3389852427629,0,0,0,17.065793139763834,0,0,924.7406151595196,0,1874.321226353665,22.46936197690937,0,0,0,0,78.24207625521463,0,0,0,0,76.94675821568939,0,612.1321095788051,0,0,0,0
2018-08-19,0,650.0493072273192,0,0,0,18.40844332827257,0,0,995.414354284862,0,2472.587070224235,24.53495307829241,0,0,0,0,70.04636938312227,0,0,0,0,53.36531006948638,0,682.2728259816658,0,0,0,187.59266453421472
2018-08-26,0,374.4662980653242,0,0,0,13.05340070977956,0,0,879.0056486794247,0,1788.1190261725817,33.89627838029974,0,0,0,0,39.77235497127167,0,0,0,0,36.06365669344553,0,884.0145329847817,0,0,0,0
2018-09-02,0,276.0726878076401,0,0,0,12.133338621831436,0,0,677.8460062204355,0,1642.7902692590244,57.41542356113131,0,0,0,0,57.46737723359271,0,0,0,0,29.321708762890808,0,647.6646226184104,0,0,0,0
2018-09-09,0,406.1804822730131,0,0,0,19.282193150377996,0,0,620.2942840873399,0,1987.0794960809967,97.45408671823397,0,0,0,0,60.411068205803176,0,0,0,0,140.82512466133727,0,696.664803590364,0,0,0,0
2018-09-16,0,341.18001829704787,0,0,0,21.33812542022048,0,0,586.9279865020258,0,2217.4955862248253,41.06340177420483,0,0,0,0,92.59231228466534,0,0,0,0,34.30461964395235,0,699.2598531101916,0,0,0,0
2018-09-23,0,204.52747562264116,0,0,0,9.693862094665716,0,0,765.3590836767216,0,1349.550256190627,36.84555746815238,0,0,0,0,57.56827241220874,0,0,0,0,0,0,644.3370147339969,0,0,0,0
2018-09-30,0,192.19656690560944,0,0,0,0,0,0,476.2235249752627,0,1102.421801142327,30.364232358826765,0,0,0,0,55.746519184618165,0,0,0,0,0,0,564.9318936044705,0,0,0,0
2018-10-07,0,174.67222513712227,0,0,0,9.05855677250474,0,0,421.4872274320988,0,1076.938013066568,28.936169722859898,0,0,0,0,42.692873108458784,0,0,0,0,31.522674896146544,0,574.8299570800783,0,0,0,0
2018-10-14,0,106.27938825157004,0,0,0,10.176414836534049,0,0,358.58563491683117,0,1090.9847782489803,24.084667235452592,0,0,0,0,43.28289377980084,0,0,0,0,0,0,710.17347253055,0,0,0,0
2018-10-21,0,0,0,0,91.2760527439468,0,0,0,450.7970275266291,0,893.2916364977256,22.372886335603084,0,0,0,0,30.27123054097252,0,0,0,0,86.60440376354855,0,476.5700626866993,0,0,0,0
2018-10-28,0,70.38461377356053,0,0,0,13.973247096710626,0,0,257.35812934373996,0,696.8646899024534,10.971971676372108,0,0,0,0,15.812655832803294,0,0,0,0,158.2737383874206,0,357.1063832489216,0,0,0,0
2018-11-04,0,360.0268703919919,0,0,0,7.892031253386415,0,0,313.1124256992846,0,568.7384903259398,11.516813242755514,0,0,0,0,11.343077890350614,0,0,0,0,36.80119291012248,0,424.4798902313617,0,0,0,0
2018-11-11,0,139.32909515020472,0,0,0,0,0,0,340.37320582857916,0,520.8750869826669,7.384676163417506,0,0,0,0,14.776466714708352,0,0,0,0,0,0,498.0077674161432,0,0,0,0
2018-11-18,0,73.51745038191217,0,0,0,0,0,0,236.53373199625736,0,317.9805050656635,7.36916557602155,0,0,0,0,0,0,0,0,0,0,0,445.5894397183123,0,0,0,0
2018-11-25,0,0,0,0,0,0,0,0,224.6844200127496,0,278.3035289394085,6.321481161306164,0,0,0,0,59.20735408639211,0,0,0,0,0,0,216.62165776290985,0,0,0,0
2018-12-02,0,74.51222240207834,0,0,0,0,0,0,190.95993433897232,0,232.74405445253225,0,0,0,0,0,0,0,0,0,0,0,0,254.6750617792953,0,0,0,0
2018-12-09,0,0,0,0,0,0,0,0,117.08645558195327,0,168.5183734956835,9.260551466197908,0,0,0,0,0,0,0,0,0,0,0,220.5525267862418,0,0,0,0
2018-12-16,0,0,0,0,0,0,0,0,74.05303140022733,0,133.95422830222446,0,0,0,0,0,0,0,0,0,0,0,0,128.49178130740592,0,0,0,0
2018-12-23,0,0,0,0,0,0,0,0,141.93907875470012,0,208.70225640108953,0,0,0,0,0,0,0,0,0,0,0,0,633.0909908428237,0,0,0,0
2018-12-30,0,0,0,0,0,0,0,0,129.4889245398137,0,168.03329068352622,0,0,0,0,0,0,0,0,0,0,0,0,678.114985922783,0,0,0,0
2019-01-06,0,0,0,0,0,0,0,0,102.90264635040148,0,128.2518152780898,0,0,0,0,0,0,0,0,0,0,0,0,629.7159253701095,0,0,0,0
2019-01-13,0,0,0,0,0,0,0,0,105.06545008298684,0,129.88182608395928,0,0,0,0,0,0,0,0,0,0,0,0,276.361131325699,0,0,0,0
2019-01-20,0,0,0,0,0,0,0,0,83.40336432187563,0,113.60803057112588,8.079528778531948,0,0,0,0,0,0,0,0,0,0,0,269.54486941833,0,0,0,0
2019-01-27,0,0,0,0,0,0,0,0,115.70105570992992,0,148.4530982192093,0,0,0,0,0,0,0,0,0,0,0,0,217.57686010183855,0,0,0,0
2019-02-03,0,0,0,0,0,0,0,0,86.39063541950912,0,170.7191330701356,9.237995076744204,0,0,0,0,0,0,0,0,0,0,0,308.2153512954496,0,0,0,0
2019-02-10,0,0,0,0,0,0,0,0,112.9993074388197,0,292.4402790876864,6.631464987807117,0,0,0,0,0,0,0,0,0,0,0,202.3769606101251,0,0,0,0
2019-02-17,0,53.41686535435208,0,0,0,0,0,0,268.91911100597,0,345.70624015218965,13.978270313988428,0,0,0,0,11.280092402525163,0,0,0,0,0,0,240.8481810628188,0,0,0,0
2019-02-24,0,83.32155334564327,0,0,0,0,0,0,216.2595576327263,0,443.2314771738896,8.003027152896687,0,0,0,0,14.553888821076406,0,0,0,0,0,18.474552068437163,290.94430650791173,0,0,0,0
2019-03-03,0,0,0,0,104.64283062794682,0,0,0,147.94509130690935,0,356.38159194190075,7.6957391318398685,0,0,0,0,0,0,0,0,0,0,25.94347540840858,183.30674516272424,0,0,0,0
2019-03-10,0,50.89008893669862,0,0,0,7.524910510791123,0,0,154.70124679534806,0,384.97608727919294,7.232072612604712,0,0,0,0,16.43049308187923,0,0,0,0,0,0,262.8171658078191,0,0,0,0
2019-03-17,0,88.35590167474358,0,0,0,0,0,0,188.7655273280726,0,514.3599734236601,8.043622521002986,0,0,0,0,15.486006943898024,0,0,0,0,0,0,252.57101737564508,0,0,0,0
2019-03-24,0,94.2121193369185,0,0,0,0,0,0,256.5188220247961,0,594.8437423934264,20.19438757352625,0,0,0,0,11.730337219155546,0,0,0,0,0,0,378.78333428466857,67.72081219004585,0,0,0
2019-03-31,0,115.79250139017527,0,0,0,0,0,0,172.8211051133554,0,567.8513566093596,11.95401927675596,0,0,0,0,11.421869297757974,0,0,0,0,0,0,306.26487719518514,0,0,0,0
2019-04-07,0,138.8799307091608,0,0,0,0,0,0,132.71399498572828,0,437.7400864948137,11.023509708627165,0,0,0,0,12.812290290177447,0,0,0,0,0,0,130.0663650341047,0,0,0,0
2019-04-14,0,162.0136875843609,0,0,0,0,0,0,160.24079207903262,0,682.6969898363373,17.862390551546287,0,0,0,0,27.188830464863656,0,0,0,0,0,0,241.75342075680425,0,0,0,0
2019-04-21,0,273.2405977691072,0,0,0,12.450981247080746,0,0,184.93187226378757,0,853.9200055117128,23.22031204959566,0,0,0,0,57.55439036754119,0,0,0,0,40.05334086435223,0,232.99854504228233,0,0,0,0
2019-04-28,0,131.15593771622056,0,0,0,0,0,0,213.20699465917312,0,580.0010607534472,17.987307722390394,0,0,0,0,39.94978754845864,0,0,0,0,0,0,292.05912533813074,0,0,0,0
2019-05-05,0,68.08916142905788,0,0,0,0,0,0,181.5341778661761,0,475.38571331386066,13.12717064213642,0,0,0,0,20.310448378849024,0,0,0,0,0,0,245.60044368245235,0,0,0,0
2019-05-12,0,160.18870981931596,0,0,0,0,0,0,202.4140065032148,0,796.3478827976016,37.8267543396992,0,0,0,0,10.761720430997215,0,0,0,0,27.358079541022864,0,294.2897448972157,0,0,0,0
2019-05-19,0,1089.66714609408,0,0,0,12.064316854574525,0,0,197.57065032565416,0,898.8437194334223,56.56030863591928,0,0,83.55801673094933,0,22.795783540684443,0,0,0,0,619.8040704544424,0,342.9635171947906,0,0,0,0
2019-05-26,0,547.2335916261675,0,0,0,8.783291068534723,0,0,391.4190946586228,0,974.0410292260112,35.67922209836405,0,0,0,0,24.160727082145172,0,1375.801674879008,0,0,386.68466982107793,0,419.4901732007154,0,0,0,0
2019-06-02,0,289.31919841274487,0,0,0,0,0,0,812.1304380931396,0,718.9621942067195,32.620496479653795,0,0,0,0,63.18404347616801,0,0,0,0,146.55894915172473,0,266.2392067010981,0,0,0,0
2019-06-09,0,235.16739792431005,0,0,0,7.802886656665977,0,0,392.1800606053391,0,527.4663767876901,16.085997081909795,0,0,0,0,95.97171299838423,0,0,0,0,68.51181492282882,32.04500381577311,181.2688177299783,0,0,0,0
2019-06-16,0,322.26668142172974,0,0,0,11.297037317971576,0,0,461.0254904483183,0,773.7981800691276,130.03600347401286,0,0,0,0,106.78836442286652,0,0,0,0,58.42212013649268,0,324.43854265626493,0,0,0,0
2019-06-23,0,583.7920636656361,0,0,1297.759388510946,8.601449639321915,0,0,725.6582731969489,0,865.7357623268341,104.27961573894532,0,0,0,0,78.90302755878281,0,0,0,0,60.685571541139446,0,243.43813078170896,0,0,0,0
2019-06-30,0,253.1837878579281,0,0,265.0929877924605,11.060905716100688,0,0,744.8262453596159,0,719.405497254284,100.9879776435734,0,0,0,0,80.02958788452744,0,0,0,0,38.28112130992152,0,236.32439007323077,0,0,0,239.65877948612012
2019-07-07,0,207.9334959254017,0,0,0,15.478626899133442,0,0,594.0179046886309,0,655.4120054799307,55.24643094363165,0,0,0,0,55.98448657752649,0,0,0,0,0,0,335.62082714165894,0,0,0,0
2019-07-14,0,226.3550403000704,0,0,97.28765779417952,0,0,0,598.1361002445835,0,649.3859143657414,53.30292983842485,0,0,0,0,35.82141320237335,0,0,0,0,34.32465210372736,0,457.7642669063225,0,0,0,0
2019-07-21,0,336.76447186967715,0,0,84.2407788264059,0,0,0,733.5604044858088,0,788.5320496698704,43.49625525918995,0,0,0,0,38.46023636086486,0,0,0,0,38.010047064682965,0,708.5745526226989,0,0,0,0
2019-07-28,0,244.2787604227587,0,0,0,10.604421673008297,0,0,896.5816139704398,0,942.9853593693816,55.247036878323314,0,0,0,0,48.616908800108256,0,0,0,0,53.84388777694316,0,778.4636708240357,0,46.60312318090832,0,0
2019-08-04,0,255.93957766649376,0,0,0,7.678862254945225,0,0,783.8813217985117,0,983.769022228057,30.95869316092416,0,0,0,0,63.95359443078305,0,0,0,0,73.24499215231938,0,708.9587011908529,0,0,0,0
2019-08-11,0,178.63402374689633,0,0,0,11.203075254090962,0,0,978.7254944505016,0,815.6810307988687,19.96743426908219,0,0,0,0,53.50753282427969,0,0,0,0,62.37015188167965,0,944.8427909586624,0,0,0,0
2019-08-18,0,322.3959605395506,0,0,0,0,0,0,963.453075148289,0,884.1299451627866,51.13319087576474,0,0,0,0,67.43271521876324,0,0,0,0,67.87921763403007,0,3440.369662694833,0,0,0,0
2019-08-25,0,341.33949897486445,0,0,0,13.992647003156025,0,0,976.4642098279218,0,1132.91170731693,62.005918555709734,0,0,0,0,37.92908779345925,0,986.8822389662128,0,0,43.87285497913916,0,7118.107006354092,0,0,0,0
2019-09-01,0,162.1788306560248,0,0,0,12.060451972917722,0,0,669.9115127067738,0,617.5140338995445,42.89710318828466,0,0,0,0,67.54391391196602,0,0,0,0,190.31561091942672,0,4695.402581545799,0,0,0,0
2019-09-08,0,379.79313708393187,0,0,0,10.656689259499736,0,0,469.1363931909426,0,545.5076723545369,40.48253980571554,0,0,0,0,36.955981225895016,0,0,0,0,29.72446478387088,0,2776.3563559225545,0,0,0,0
2019-09-15,0,250.7561123366222,0,0,0,26.076655059712095,0,0,504.4987530531328,0,727.6003600665563,43.820861830711046,0,0,0,0,44.795498786477125,0,0,0,0,30.376198564544612,0,4663.010109088584,0,0,0,0
2019-09-22,0,143.45325030256186,0,0,0,11.93754586973582,0,0,394.4284732554476,0,371.5362562242351,18.783930084205295,0,0,0,0,27.849624627064188,0,0,0,0,24.484178053507367,0,3463.155302988658,0,0,0,0
2019-09-29,0,77.0393210129246,0,0,0,0,0,0,497.8627534719053,0,316.225297611868,36.84502334610296,0,0,0,0,43.009167895728616,0,0,0,0,52.78096222638046,0,2681.0358924679786,0,0,0,0
2019-10-06,0,78.879213291347,0,0,0,7.488288307319072,0,0,418.01403509733785,0,276.53127064936575,33.81861998811831,0,0,0,0,32.60508752265432,0,0,0,0,29.536560195397815,0,2057.38102111504,0,0,0,0
2019-10-13,0,89.66743882668229,0,0,0,11.55204422744387,0,0,323.3380834768208,0,315.7205129182871,19.449029727843257,0,0,0,0,27.71533850111305,0,0,0,0,0,0,1458.6658485579455,0,0,0,0
2019-10-20,0,79.0180714580042,0,0,0,100.8753219639533,0,0,461.4998263883581,0,299.3096136327172,50.60303953744568,0,0,0,0,30.610476193482533,0,0,0,0,0,0,1080.2894573281767,0,0,0,0
2019-10-27,0,87.937514448300007,0,0,135.78344536718924,18.756496697992613,0,0,382.3545869979522,0,325.93028662688806,13.977727138030412,0,0,0,0,17.65914606412368,0,0,0,0,0,0,719.8312916132277,0,0,0,0
2019-11-03,0,46.95408855274883,0,0,0,27.896090144111177,0,0,211.0819832206293,0,254.35804433866244,14.604463254712726,0,0,0,0,15.495930280830718,0,0,0,0,0,0,602.3209335127749,0,0,0,0
2019-11-10,0,51.091275045518934,0,0,0,19.43680011299234,0,0,140.28090241922575,0,206.4876581451616,9.590614403185077,0,0,0,0,12.114665060862269,0,0,0,0,0,0,430.86764486162355,0,0,0,0
2019-11-17,0,0,0,0,0,6.990783784878183,0,0,126.10564329375022,0,184.74049103598077,5.951558163367434,0,0,0,0,20.71818561588995,0,0,0,0,0,0,423.0977643925429,0,0,0,0
2019-11-24,0,0,0,0,0,0,0,0,108.04210167839337,0,127.22650363965866,0,0,0,0,0,0,0,0,0,0,0,0,307.57974096162013,0,0,0,0
2019-12-01,0,0,0,0,0,0,0,0,98.95362511741946,0,119.55081407245363,0,0,0,0,0,0,0,0,0,0,0,0,375.3577512767155,0,0,0,0
2019-12-08,0,0,0,0,0,0,0,0,94.94945194323584,0,92.79561858894662,6.011056734110097,0,0,0,0,0,0,0,0,0,0,0,182.48638092681327,0,0,0,0
2019-12-15,0,0,0,0,0,0,0,0,75.91039606309538,0,83.09976975526158,0,0,0,0,0,0,0,0,0,0,0,0,121.68111617153086,0,0,0,0
2019-12-22,0,0,0,0,0,0,0,0,96.59552311853248,0,98.37910411799191,0,0,0,0,0,0,0,0,0,0,0,0,303.74511914909033,0,0,0,0
2019-12-29,0,0,0,0,0,0,0,0,77.92546307089334,0,91.1589693363578,0,0,0,0,0,11.00614511593413,0,0,0,0,0,0,159.6641996433314,0,0,0,0
2020-01-05,0,0,0,0,0,0,0,0,59.67297370540131,0,73.67978380859314,0,0,0,0,0,0,0,0,0,0,0,0,135.23681454132176,0,0,0,0
2020-01-12,0,82.2178543577419,0,0,0,0,0,0,64.59082905975656,0,84.89930730565072,0,0,135.78972107879085,0,0,0,0,0,0,0,0,0,134.61941506828364,0,0,0,0
2020-01-19,0,0,0,0,0,0,0,0,50.79497415444139,0,75.00324631005446,0,0,0,0,0,0,0,0,0,0,0,0,124.73147420429127,0,0,0,0
2020-01-26,0,0,0,0,0,0,0,0,82.49915378011097,0,79.67061650133037,0,0,0,0,0,0,0,0,0,0,0,0,80.19320748727924,0,0,0,0
2020-02-02,0,0,0,0,0,48.06199019993258,0,0,89.7096834066628,0,85.44039890144282,9.008828792971215,0,0,0,0,0,0,0,0,0,0,0,189.64820359108157,0,0,0,0
2020-02-09,0,0,0,0,0,42.06134217296883,0,0,145.31089874753889,0,93.8862222179932,6.473451445743487,0,0,0,0,0,0,0,0,0,0,0,143.05162874068327,0,0,0,0
2020-02-16,0,0,0,0,0,15.38420522619246,0,0,104.24565545456964,0,114.67238911145029,7.15896847545557,0,0,0,0,0,0,0,0,0,0,0,179.0779280076328,0,0,0,0
2020-02-23,0,0,0,0,0,0,0,0,122.29668355714688,0,111.09258143705452,0,0,0,0,0,0,0,0,0,0,0,0,246.37419923263633,0,0,0,0
2020-03-01,0,0,0,0,0,0,0,0,106.50590171320653,0,105.84411590869838,5.995773197854311,0,0,0,0,0,0,0,0,0,0,0,78.23656445169073,0,0,0,0
2020-03-08,0,0,0,0,0,0,0,0,111.36725346623308,0,120.52966304084688,8.64417448973228,0,0,0,0,0,0,0,0,0,0,0,255.84070825469155,0,0,0,0
2020-03-15,0,0,0,0,0,14.138328662645996,0,0,77.8745705747515,0,197.56404977664863,0,0,0,0,0,9.143271168894271,0,0,0,0,0,0,150.76370359495982,0,0,0,0
2020-03-22,0,44.656539707292566,0,0,0,0,0,0,93.4120777666919,0,235.75080948995665,9.054609083052195,0,0,0,0,8.17664064089567,0,0,0,0,0,0,240.26909038601053,0,0,0,0
2020-03-29,0,0,0,0,0,0,0,0,106.52613237646722,0,207.63670203994567,0,0,0,0,0,8.30197478987805,0,0,0,0,0,0,228.56549008419591,0,0,0,0
2020-04-05,0,169.47115422778816,0,0,0,10.108634258593638,0,0,145.90100989689824,0,721.9655164620634,180.94724039454368,0,0,0,0,71.73953201843811,0,0,0,0,24.442654755137593,0,184.8335678251864,0,0,0,0
2020-04-12,0,176.02518373199337,0,0,0,35.081593537807585,0,0,135.8779390278687,0,851.661655831463,94.13581917772308,0,0,0,87.03325361424187,32.75592368638799,0,0,0,0,0,0,187.90898917204828,0,0,0,0
2020-04-19,0,192.96540583575157,0,0,0,27.138075017739407,0,0,126.11051466544636,0,883.3637839001898,35.44307523407353,0,0,0,0,25.735406865443025,0,0,0,0,0,0,241.7595126546573,0,0,0,0
2020-04-26,0,163.49129497251172,0,0,0,9.297065269453196,0,0,156.165357205194,0,638.4410585875628,26.373595291304248,0,0,0,0,102.2448391749094,0,0,0,0,0,0,212.7917787891933,0,0,0,0
2020-05-03,90.18051703522748,485.34762050274566,0,0,131.19277664401446,149.08481732377,0,0,791.7472261528964,0,1904.4370801675532,120.1740104873305,182.1085818796591,0,111.53548672533574,0,519.853860762699,0,0,0,0,139.59605075120948,0,850.5059344390604,0,0,0,0
2020-05-10,71.6297712661226,344.4264621118146,0,0,181.09331252866912,49.811802414431874,0,0,1260.8658261380529,0,899.4146758039119,69.11314139104289,0,0,0,68.4976152093293,387.952211876309,0,0,0,0,75.65811020074395,0,557.5024667039163,0,0,0,0
2020-05-17,0,482.6794313272758,0,0,86.67713145437574,87.56772054334884,0,0,581.6092369327263,0,1168.2937831260683,67.2739594721219,0,0,0,269.4856404118823,265.7142234228307,0,0,0,0,90.47728101788236,0,625.3317004362848,0,0,0,0
2020-05-24,0,264.16466970326604,0,0,216.00856388075587,34.27227164070025,0,0,624.971682948331,0,884.6074544898462,58.54053416943032,0,0,0,0,192.7322452282453,0,0,0,0,49.613716372427945,0,529.1729598485837,0,0,0,0
2020-05-31,0,221.80619294856524,0,0,112.7730351718902,33.46393680077798,0,0,434.0346137189152,0,681.0197878655731,197.32101952638035,0,0,0,0,126.0627335014805,0,0,0,0,48.17534089878003,0,397.80388080703335,0,163.5954376459708,0,0
2020-06-07,0,1046.120103129418,0,0,0,25.45252658612263,0,0,345.364304071269,0,362.65680701656174,47.50093876149899,0,0,0,0,94.59411678398278,0,0,0,2118.6830912716287,55.076097905069915,0,449.6381233844739,0,181.24042531522403,0,0
2020-06-14,0,523.9436796327772,0,0,0,17.353838403845142,0,0,342.55693959638603,0,441.2233562683237,55.11932660803265,0,0,0,0,109.48220536725668,0,0,0,0,41.975681593455334,0,338.999945937116,0,0,0,0
2020-06-21,0,355.8102269480708,0,0,0,18.659689040511065,0,0,431.5611851681731,0,654.3374402947976,37.012973079964105,0,0,0,0,92.5997655858424,0,0,0,0,54.16303060986454,0,451.6933266081414,0,0,0,0
2020-06-28,0,164.6339411259851,0,0,0,16.82297189947988,0,0,430.128579867091,0,488.5574433786937,14.527156072067646,0,0,0,0,65.12316882306779,0,0,0,0,21.238543470453504,0,437.9826866166522,0,0,0,0
2020-07-05,0,145.11342395032892,0,0,0,17.49554936429206,0,0,479.019852483772,0,661.2408819191263,9.128380215755268,0,0,0,0,76.65864756535231,0,0,0,0,0,0,630.7744497409309,0,0,0,0
2020-07-12,0,309.85890061251115,0,0,0,32.33357712391512,0,0,507.46351983109713,0,878.6203560942878,20.078787918225945,0,0,0,0,52.98266541947157,0,0,0,0,454.4755342742293,0,800.8413552787712,0,0,0,0
2020-07-19,0,356.8741586270011,0,0,0,22.688473959201097,0,0,519.9415081236772,0,948.1898766443882,16.12964960901821,0,0,0,0,54.918187960661115,0,0,0,0,211.59854454167487,0,847.078642025813,0,0,0,0
2020-07-26,0,269.87652603272636,0,0,0,23.331660334273188,0,0,636.6858326297648,0,1212.8735037390488,18.745460938308614,0,0,0,0,72.02248703081571,0,0,0,0,158.08596057418637,0,864.649394784621,0,0,0,0
2020-08-02,0,584.6558531943839,0,0,0,43.58889494064059,0,0,689.7001157436126,0,1895.5818095495856,22.65540782499997,0,0,0,0,63.49759942053328,0,856.9292414727108,0,0,154.79240788474232,0,989.6499920711648,0,0,0,0
2020-08-09,0,852.287994863903,0,0,0,48.56879346125661,0,0,747.5575131872674,0,2105.3226914833954,33.274925866923105,0,0,0,0,99.58641351860386,0,0,0,0,125.53501998637871,0,864.7670316615037,0,0,0,0
2020-08-16,0,647.3410887952091,0,0,0,46.81965737175802,0,0,707.6339993092074,0,2029.2649576332576,14.8156684314419,0,0,0,0,69.80562891035888,0,0,0,0,386.4832244207091,0,1178.7888243821194,0,0,0,0
2020-08-23,0,394.05581536159144,0,0,0,38.1684616339976,0,0,668.5286991012684,0,1572.374790042677,23.955148897732265,0,0,0,0,69.9669940488311,0,0,0,0,83.88295847264308,0,979.4959798386498,0,0,0,0
2020-08-30,81.86131581067596,327.9065912314051,0,0,0,96.38448559338312,0,0,503.6485260670209,0,1069.386230320542,18.265258520417625,0,0,0,0,47.44465645995082,0,0,0,0,72.83456347191722,0,1167.9678873641697,0,0,0,0
2020-09-06,0,423.55255166822474,0,0,0,61.787362698440525,0,0,459.0872895510733,0,1169.378157695908,31.921176387411972,0,0,0,0,55.56248978209972,0,0,0,0,53.707241621271,0,1389.3794777774908,0,0,0,0
2020-09-13,0,625.4312250998687,0,0,93.539405137021,29.87816970122322,0,0,450.4297344856108,0,1180.8455079660723,35.95383925461797,0,0,0,0,54.684812118428184,0,0,0,0,367.4881321612297,0,941.0560513328476,0,0,0,0
2020-09-20,0,393.92697832675873,0,0,0,14.2372675223723,0,0,948.2498589113,0,629.35230891765,11.830894628265789,0,0,0,0,28.378903397292717,0,0,0,0,124.87037070086946,0,617.5416981008061,0,0,0,0
2020-09-27,0,135.57522318839813,0,0,0,6.390819890691071,0,0,238.67307609145496,0,308.7290369012142,11.999190085320556,0,0,0,0,26.626029278202473,0,1279.7276283371027,0,0,40.891189110193,0,1052.2352804888162,0,0,0,0
2020-10-04,0,171.6552486560228,0,0,0,9.371573195579025,0,0,294.1684071797384,0,311.8838850657615,7.100844598462062,0,0,0,0,34.9618445945028,0,0,0,0,0,0,994.998288321842,0,0,0,0
2020-10-11,0,132.00019327640533,0,0,0,6.898571173027038,0,0,254.7967064501787,0,266.4005250102474,15.648948221702003,0,0,0,0,26.246480891619257,0,0,0,0,30.12379131105394,0,645.3933551197749,0,0,0,0
2020-10-18,0,136.31358845883221,0,0,0,11.10281856585879,0,0,251.74326489703515,0,405.1905086042994,15.515934240530736,0,0,0,0,28.002333764362454,251.75672524071587,0,0,0,32.01947460237716,0,582.8707904378621,0,0,0,0
2020-10-25,0,169.2590243270035,0,0,0,17.22994179776685,0,0,198.92344371042188,0,463.6041043353536,36.50262962021178,0,0,0,0,20.54945961991006,0,0,0,0,40.936969311531605,0,429.3034554019438,0,0,0,0
2020-11-01,0,126.48764322669176,0,0,0,0,0,0,168.4588852174551,0,398.68432130884224,9.023613632221064,0,0,75.92439023397964,0,12.940702712114597,0,0,0,0,0,0,330.7918609164901,0,0,0,0
2020-11-08,0,77.75979549849421,0,0,0,8.440801252023087,0,0,212.02533917091455,0,649.4542944039862,11.960103258622098,0,0,101.94339381259564,0,18.211924155668928,0,0,0,0,0,0,295.44957474004144,0,0,0,0
2020-11-15,0,58.48993016647817,0,0,0,0,0,0,231.55882233939283,0,457.3848648498046,6.5835189964045595,0,0,0,0,23.425712273714748,0,0,0,0,0,0,361.36174267306086,0,0,0,0
2020-11-22,0,212.53117036495743,0,0,0,6.730375477059064,0,0,180.14830008961667,0,366.8264946304057,11.362747426334211,0,0,0,0,80.12039257203503,0,0,0,0,0,0,233.24413676371356,0,0,0,0
2020-11-29,0,60.47187671911346,0,0,0,0,0,0,131.152861193594,0,193.52179883667208,0,0,0,0,0,138.4849342584434,0,0,0,0,0,0,265.42495937959933,0,0,0,0
2020-12-06,0,70.39792156926198,0,0,0,0,0,0,116.47575057237326,0,143.41073182212224,0,0,0,0,0,45.01226712192894,0,0,0,0,0,0,237.7389339317299,0,0,0,0
2020-12-13,0,0,0,0,0,6.558524237912798,0,0,150.25574626124083,0,125.6218513089716,0,0,0,0,0,26.871701238939465,0,0,0,0,0,0,134.95053744282222,0,0,0,0
2020-12-20,0,52.842643315503544,0,0,0,0,0,0,101.21392321315216,0,144.01537017831214,0,0,0,0,0,34.290435891754065,0,0,0,0,0,0,0,0,0,0,0
2020-12-27,0,0,0,0,0,0,0,0,104.9823953266441,0,113.13136433858634,6.243629239285439,0,0,0,0,12.843467818745474,0,0,0,0,0,0,101.82719565067345,0,0,0,0
2021-01-03,0,0,0,0,0,0,0,0,53.10962784952262,0,93.43141927242966,0,0,0,0,0,0,0,0,0,0,0,0,112.49553107545309,0,0,0,0
2021-01-10,0,0,0,0,0,0,0,0,55.76141335336525,0,62.734748463192616,0,0,0,0,0,0,0,0,0,0,0,0,83.45471155552025,0,0,0,0
2021-01-17,0,41.79586448167337,0,0,0,0,0,0,64.18295690952135,0,84.83370022986958,0,0,0,0,0,10.580467451492389,0,0,0,0,0,0,73.21200380967854,0,0,0,0
2021-01-24,0,0,0,0,0,0,0,0,61.79008302406953,0,80.76746621565468,0,0,0,0,0,0,0,0,0,0,0,0,71.39573382229891,0,0,0,0
2021-01-31,0,0,0,0,0,0,0,0,63.305609031085986,0,100.04700556521236,0,0,0,0,0,13.758517409412043,0,0,0,0,0,0,60.788297149712825,0,0,0,0
2021-02-07,0,0,0,0,0,0,0,0,69.9769205480832,0,78.81645933477995,11.41494789809989,0,0,0,0,13.19061450569276,0,0,0,0,0,0,169.49504119838093,0,0,0,0
2021-02-14,0,0,0,0,0,0,0,0,102.88946060053571,0,166.2793126214806,0,0,0,0,0,0,0,0,0,0,0,0,126.29064703984476,0,0,0,0
2021-02-21,0,66.9547163325742,0,0,0,0,0,0,93.31953479338551,0,307.56052206668744,0,0,0,0,0,10.426459718042564,0,0,0,0,0,0,100.40225171737958,0,0,0,0
2021-02-28,0,94.21834013786878,0,0,0,7.923219028356835,0,0,109.01653698583344,0,282.4924898751615,0,0,0,0,0,0,0,0,0,0,0,0,248.7349999054961,0,0,0,0
2021-03-07,0,0,0,0,0,0,0,0,96.28203327461128,0,213.975140435738,6.210665397332989,0,0,0,0,12.210519206656391,0,0,0,0,0,0,260.5908749063012,0,0,0,0
2021-03-14,0,0,0,0,0,0,0,0,113.43646171982655,0,164.69242872349497,0,0,0,0,0,0,0,0,0,0,0,0,367.6609455138299,0,0,0,0
2021-03-21,0,50.051473223399285,0,0,0,0,0,0,160.9656630162932,0,229.70995460614105,7.932316719643021,0,0,0,0,16.969113393089376,0,0,0,0,0,0,502.0225604585281,0,0,0,0
2021-03-28,0,186.8164528975077,0,0,0,0,0,0,227.90988252069195,0,699.1267270941069,8.01659635086514,0,0,0,121.2912320316076,17.881710512419005,0,0,0,0,0,0,706.8447448953466,0,0,0,0
2021-04-04,0,117.30896354242446,0,0,0,0,0,0,154.3911812468834,0,380.2802116392285,7.943591828466407,0,0,0,0,30.907404550704047,0,0,0,0,0,0,743.4785321141098,0,0,0,0
2021-04-11,0,66.23502620967182,0,0,0,7.512632699344767,0,0,188.4669424724679,0,281.5983042802758,8.66303889549679,0,0,0,0,35.42968666307112,0,0,0,0,0,0,485.4854428207175,0,0,0,0
2021-04-18,0,137.46634209359112,0,0,0,0,0,0,163.7254143143259,0,831.2769704119951,12.246315244601847,0,0,0,0,45.629922181216685,0,0,0,0,0,0,413.9114337999881,0,0,0,0
2021-04-25,0,96.22577027629004,0,0,0,0,0,0,173.17040734303984,0,569.0275691643748,14.79589931487034,0,0,0,0,36.66986074051091,0,0,0,0,0,0,317.0652132232633,0,0,0,0
2021-05-02,0,85.52285925264201,0,0,0,0,0,0,229.7294944403265,0,445.33613450840846,9.50470416236445,0,0,0,240.88979019692147,38.72727959833689,0,0,0,0,0,0,416.2849970025405,0,0,0,0
2021-05-09,0,137.3331579681377,0,0,0,0,0,0,165.8410327688162,0,497.8521637498704,10.65959527648556,0,0,0,128.38261049479084,42.2711250213178,0,0,0,0,0,0,245.77852456744873,0,0,0,0
2021-05-16,0,86.01029746033382,0,0,0,7.299038675750324,0,0,252.36225000411284,0,303.87319360699223,8.76350925066197,0,0,0,0,49.30815627659548,0,0,0,0,0,0,340.62786557790815,0,0,0,0
2021-05-23,0,172.50165030650697,0,0,0,8.296571453998146,0,0,262.8743367233684,0,485.9346960091904,15.701295939474363,0,0,0,0,35.95197358582926,0,0,0,0,50.88575008806869,0,390.53829537152194,0,0,0,0
2021-05-30,0,469.2217329433664,0,0,0,26.94431565031689,0,0,257.3862663149129,0,812.6120178786521,38.45734574240775,0,0,0,331.9472710449009,59.44744314468609,0,0,0,0,88.78589113253261,0,395.0835307205994,0,0,0,0
2021-06-06,0,360.4566548805976,0,0,0,15.624080083857162,0,0,271.29241076961875,0,658.3861896825154,58.1353500508468,0,0,0,0,51.843781149297406,0,873.2437645763707,0,0,60.76213925970061,0,406.42040467095177,0,0,0,0
2021-06-13,0,351.0635635885661,0,0,0,20.2080232765369,0,0,265.8175185836341,0,557.2732690575147,44.55129393298094,0,0,0,0,54.47361153049909,0,0,0,0,38.13080359223471,0,390.52704382925265,0,0,0,0
2021-06-20,0,179.6119842627845,0,0,0,44.63230490284116,0,0,237.7099858337104,0,355.90856822142564,14.579960326456842,0,0,0,0,44.92577974576035,0,0,0,0,40.93563166710853,0,449.9377647534099,0,0,0,0
2021-06-27,0,203.7061872017464,0,0,0,42.4880620602605,0,0,254.95905183252847,0,364.314184682814,11.646235182305531,0,0,0,0,46.20787458175637,0,0,0,0,45.03335238719827,0,492.5815288290531,0,0,0,0
2021-07-04,0,189.78146721686448,0,0,0,16.654129099343386,0,0,305.2429587984615,0,330.67527141093274,10.2145149173349,0,0,0,0,52.17569139301147,0,0,0,0,862.5847221846469,0,553.8035380987488,0,0,0,0
2021-07-11,0,127.58502245820252,0,0,0,18.472007710752752,0,0,299.8857173379226,0,344.1735498976935,28.90944699058292,0,0,0,0,31.596122626116163,0,0,0,0,102.13247787327046,0,1015.890509351496,0,0,0,0
2021-07-18,0,231.99170811097883,149.10634963208054,0,0,24.54696151640013,0,0,357.5393467256322,0,531.8399949991714,22.164842655020223,0,0,0,0,33.11296103124036,0,0,0,0,58.337005369720465,0,920.5365815019604,0,0,0,0
2021-07-25,0,59.5713899250155,0,0,0,11.4384683024011,0,0,322.98273131502185,0,449.59206943730334,15.530963369652952,0,0,0,0,35.51138069881343,0,0,0,0,63.346874337802674,0,1096.6831062245158,0,0,0,0
2021-08-01,0,123.40390378808615,0,0,0,8.643679677884235,0,0,325.8645659745008,0,423.0930629831363,17.387761819166027,0,0,0,0,42.936490218322014,0,0,0,0,56.65791027957964,0,1355.8616234819422,0,0,0,0
2021-08-08,0,104.89212986610386,0,0,0,14.02638889529127,0,0,504.2161708379528,0,677.3550663936668,31.168148730627248,0,0,0,0,123.35310745088051,0,0,0,0,228.20944295637216,0,2124.7071555949033,0,0,0,0
2021-08-15,0,133.45611671583592,0,0,0,13.253399076472736,0,0,514.9833611843724,0,584.480618211655,26.91950188718451,0,0,0,0,110.04727822908627,0,0,0,0,85.4968097784377,15.992315924482185,1823.3076594443355,0,0,0,0
2021-08-22,0,175.19623521822683,0,0,0,11.069437181068595,0,0,471.8269526683365,0,586.9399841755069,34.03439595258787,0,0,0,0,78.7473381940559,0,0,0,0,57.34796346105484,0,2120.4147116860095,0,0,0,0
2021-08-29,0,165.60058673011144,0,0,0,25.629747983309397,0,0,423.3529277168238,0,496.54133235567616,15.280576844249545,0,0,95.4199112366972,0,69.29578675252303,0,0,0,0,64.67643902779692,0,1853.8117417033109,0,0,0,0
2021-09-05,0,59.73113847679405,0,0,0,21.738269934050667,0,0,380.49702616300345,0,535.4514893799435,35.93037199067923,0,0,0,0,59.56472555561827,0,0,0,0,59.18578726932932,0,1683.2160921480215,0,0,0,0
2021-09-12,0,73.87078973555289,0,0,76.44987719708386,0,0,0,341.3313333477685,0,443.8443074970352,20.70150644026175,0,0,0,0,41.33005425918349,0,0,0,0,28.402495005714044,0,1232.250809615159,0,0,0,0
2021-09-19,0,111.53753859353044,0,0,0,11.50831613733909,0,0,211.85554454739705,0,320.207256114302,14.050876462950445,0,0,0,0,42.855192122698895,0,0,0,0,25.285557671510738,0,1253.6623563656665,0,0,0,0
2021-09-26,0,64.68177641185403,0,0,0,8.173969743485678,0,0,183.50353121614376,0,311.76321805612133,14.593998855407971,0,0,0,0,23.53004180809102,0,0,0,0,203.89878619662852,0,1014.1405449794806,0,0,0,0
2021-10-03,0,0,0,0,0,12.130850763527166,0,0,181.88982480520008,0,314.2929823376507,18.23508453551978,0,0,0,0,26.498511846527865,0,0,0,0,27.98809734275931,0,929.405740805356,0,0,0,0
2021-10-10,0,84.52400984108661,0,0,0,8.574514956918941,0,0,232.99921605949828,0,351.19288289161625,25.69699352008524,0,0,0,0,24.586259527684145,0,0,0,0,0,0,772.481934228032,0,0,0,0
2021-10-17,0,0,0,0,0,0,0,0,234.9259634856192,0,384.776032479415,18.004947250184745,0,0,0,0,33.21112723470611,0,0,0,0,0,0,646.4279682743345,0,0,0,0
2021-10-24,0,74.05766484081666,0,0,0,0,0,0,203.3474304759245,0,355.0822370061812,9.654201267762732,0,0,0,0,18.732058482308172,0,0,0,0,28.368456913070816,0,532.5275407956842,0,0,0,0
2021-10-31,0,109.61458822483084,0,0,82.0802572780463,0,0,0,151.8306526929938,0,312.29744609850826,12.45197049196046,0,0,0,0,16.53112869798641,0,0,0,0,0,0,588.3247222519359,0,0,0,0
2021-11-07,0,113.00934956481474,0,0,0,0,0,0,179.60796477596904,0,321.64522298207754,6.563907305947316,0,0,0,0,15.830906912316031,0,0,0,0,0,0,521.8910158848092,0,0,0,0
2021-11-14,0,98.52809061387286,0,0,0,0,0,0,184.408221944406,0,218.30814953534255,6.751687601618123,0,0,0,0,20.431298084611328,0,0,0,0,34.32924144359866,0,388.300655503878,0,0,0,0
2021-11-21,0,59.96524434683745,0,0,0,0,0,0,113.3567586084758,0,161.49721945455187,0,0,0,0,0,15.712879545868969,0,0,0,0,0,0,365.9223881911431,0,0,0,0
2021-11-28,0,0,0,0,0,0,0,0,89.35071767272629,0,117.87489895563031,0,0,0,0,0,19.097978729900813,0,0,0,0,0,0,263.49351404159523,0,0,0,0
2021-12-05,0,0,0,0,0,0,0,0,85.25533188117689,0,90.7199692141491,0,0,0,0,0,0,0,0,0,0,0,24.46514728499784,259.29440902827173,0,0,0,0
2021-12-12,0,0,0,0,0,0,0,0,63.767299893677595,0,66.77478040433482,0,0,0,0,0,0,0,0,0,0,0,0,326.88866581140167,0,0,0,0
2021-12-19,0,0,0,0,0,0,0,0,52.51429552079303,0,75.8257267986088,0,0,0,0,0,0,0,0,0,0,0,0,206.49459342029675,0,0,0,0
2021-12-26,0,0,0,0,0,0,0,0,73.39237419561132,0,82.75081147528907,0,0,0,0,0,0,0,0,0,0,0,0,209.21192842550917,0,0,0,0
2022-01-02,0,0,0,0,0,0,0,0,61.91265365516172,0,73.1766876993191,0,0,0,0,0,0,0,0,0,0,0,0,209.90865336198857,0,0,0,0
2022-01-09,0,0,0,0,0,0,0,0,56.27690111323169,0,55.01854699226242,0,0,0,0,0,0,0,0,0,0,0,0,163.8744085324122,0,0,0,0
2022-01-16,0,0,0,0,0,0,0,0,35.91141370334401,0,62.504369520625005,0,0,0,0,0,0,0,0,0,0,0,0,170.3733176414271,0,0,0,0
2022-01-23,0,0,0,0,0,0,0,0,60.92382484050548,0,59.66843414486099,0,0,0,0,0,15.953840933297236,0,0,0,0,0,0,160.9411444818985,0,0,0,0
2022-01-30,0,0,0,0,0,0,0,0,52.760328824618206,0,70.98564043763815,0,0,0,0,0,11.264294668163698,0,0,0,0,0,0,183.5455909882633,0,0,0,0
2022-02-06,0,0,0,0,0,0,0,0,71.13686844127551,0,99.23537119360438,0,0,0,0,0,10.527652496548932,0,0,0,0,0,0,354.99005806504516,0,0,0,0
2022-02-13,0,38.12976289460077,0,0,0,0,0,0,59.58671379811264,0,95.84906555168784,0,0,0,0,0,0,0,0,0,0,0,0,243.8578666266231,0,0,0,0
2022-02-20,0,0,0,0,0,0,0,0,59.045236600466126,0,117.09400025553984,0,0,0,0,0,8.551128143867002,0,0,0,0,0,0,310.0140716214968,0,0,0,0
2022-02-27,0,0,0,0,0,0,0,0,61.37096978549087,0,127.75431396919352,0,0,0,0,0,8.455074284292253,0,0,0,0,0,0,152.6825452494485,0,0,0,0
2022-03-06,0,40.45305755879763,0,0,0,0,0,0,53.3959749604976,0,99.86815324406444,0,0,0,0,0,7.831186942964245,0,0,0,0,22.63806723885662,0,165.42539009298673,0,0,0,0
2022-03-13,0,0,0,0,0,0,0,0,71.8473583883831,0,117.77250253723535,0,0,0,0,0,11.28234033309555,0,0,0,0,0,0,220.1744603943968,0,0,0,0
2022-03-20,0,75.7812761114643,0,0,0,0,0,0,89.67150665448428,0,263.68763925117617,0,0,0,0,0,7.760654904284613,0,664.0051094566367,0,0,0,0,207.4909541988747,0,0,0,0
2022-03-27,0,0,0,0,104.55234824815368,0,0,0,95.19595621773362,0,250.43000547369337,0,0,0,0,0,0,0,0,0,0,0,0,270.5985661593037,0,0,0,0
2022-04-03,0,0,0,0,0,0,0,0,137.92729862862512,0,124.59666763932168,0,0,0,0,0,7.910864367649959,0,0,0,0,0,0,311.4378716505629,0,0,0,0
2022-04-10,0,90.02444985320797,0,0,0,0,0,0,151.34544334785488,0,263.4749695067356,8.275982695084755,0,0,0,0,9.554583061706978,0,0,0,0,0,0,469.2885846564073,0,0,0,0
2022-04-17,0,107.3311455099819,0,0,0,0,0,0,115.8218645185993,0,370.00944261522136,0,0,0,0,0,14.09423932948625,0,0,0,0,354.33687332088095,0,310.3788845390879,0,0,0,0
2022-04-24,0,84.2893473565315,0,0,0,5.633646113932496,0,0,125.6346668784385,0,367.6107765446418,15.907708789644134,0,0,0,0,21.47830021618248,0,0,0,0,54.18936405416149,0,444.6171539468006,0,0,0,0
2022-05-01,0,107.61161963064396,0,0,0,12.5600258180142,0,0,129.577690778395,0,422.5840582531864,12.844371149730373,0,0,0,0,23.819889719027135,0,0,0,0,42.550693908267625,0,481.6769093039233,0,0,0,0
2022-05-08,0,430.5636852181696,0,0,65.3888443892496,12.350557656273564,0,0,178.22989643685565,0,567.2564510981529,24.325862430032156,0,0,0,0,57.33866788125537,0,0,0,0,96.089003782461,0,573.2993800743056,0,0,0,0
2022-05-15,0,248.71200148607207,0,0,0,13.88285411920061,0,0,191.82714375347663,0,541.5230236315598,29.19649685073389,0,0,0,0,109.7525212570658,0,0,0,0,76.85975891827137,0,481.656485024656,0,0,0,0
2022-05-22,0,191.75740522370668,0,0,67.5041462558964,9.049523680263423,0,0,172.8273358287293,0,390.67472316489335,22.29802374561966,0,0,0,0,99.18638750443876,0,0,0,0,56.72643834612291,0,375.643450637119,0,0,0,0
2022-05-29,0,141.7661870444635,0,0,0,8.128136264195996,0,0,173.41471444777605,0,385.1889677918303,26.282469674454184,0,0,0,0,58.69603354920785,0,0,0,0,33.11271755925121,0,292.2179846650248,0,0,0,0
2022-06-05,0,133.68514158061316,0,0,141.52263601996927,9.610258302273367,0,0,221.359689798948,0,370.77693690265687,14.50532418197556,0,0,0,0,53.77962154455553,0,0,0,0,31.434051905215505,0,505.6888220303552,0,0,0,0
2022-06-12,0,180.6119814230936,0,0,0,13.939204178832105,0,0,301.53176909460285,0,456.5973193514257,23.93618680102789,0,0,0,0,54.40086259925713,0,0,0,0,35.199483413937834,0,543.7437702283921,0,0,0,0
2022-06-19,0,189.20195703195563,0,0,0,17.470196663778548,0,0,224.42833120851785,0,402.22703134189777,23.210775083881614,0,0,0,0,51.36675057593269,0,0,0,0,64.92666417251239,0,267.4012559226761,0,0,0,0
2022-06-26,0,266.21611015104816,0,0,106.64046164413196,17.094069817187634,0,0,259.2467705190489,0,437.0889633868064,14.420836190003024,0,0,0,0,37.10841605529496,0,0,0,0,38.97143316615029,0,352.28195668135646,0,0,0,0
2022-07-03,0,272.24832198937355,0,0,0,19.022606025263244,0,0,314.848852562288,0,657.7737377540125,14.101444629215242,0,0,0,0,34.15693890159269,0,0,0,0,30.06174576264295,0,502.99075279518553,0,0,0,0
2022-07-10,0,598.729069452072,0,0,0,20.406949330111775,91.11565393421915,0,425.2984443570501,0,942.296729682589,20.08958472152132,0,0,0,0,59.492340573796085,0,0,0,0,113.8595422759912,0,565.6914028969209,0,0,434.7611310875528,0
2022-07-17,0,632.9897361408871,0,0,0,22.83399542380351,0,0,413.67528414916205,0,980.8505627826036,22.778568068067056,0,0,0,0,53.601157314334856,0,846.8982542070254,0,0,106.8733582371956,0,569.8306273046646,0,0,0,0
2022-07-24,0,1669.4844624307557,0,0,0,37.405734341413634,0,0,453.09577898686007,0,1089.4478287131426,47.35092999584415,0,0,0,0,110.20476406971405,0,0,0,0,166.84592253984232,0,480.1618497768419,0,0,0,0
2022-07-31,0,1334.710722136416,0,0,0,28.79073929828543,0,0,450.35870593097275,0,1225.8792739945195,32.12614678265827,0,0,0,0,186.08332832358352,0,0,0,0,449.2863733358664,0,533.5507364120226,0,0,0,0
2022-08-07,0,1852.7745394225528,0,0,0,39.91022170364814,0,0,477.4382626464609,0,1354.0691060136646,45.1367015820536,0,0,88.59905756758378,0,202.0855094289827,0,0,0,0,257.400144496756,0,545.671793992129,0,0,0,0
2022-08-14,0,1378.181508678277,0,0,0,38.32031249925017,0,0,421.95617478605345,0,1181.7343296426293,31.73092646326916,0,0,0,0,105.79232884556568,0,0,0,0,158.6648531513451,0,725.2402458445731,0,0,0,0
2022-08-21,0,1294.5007953608058,0,0,0,36.99812045227929,0,0,443.4032035786987,0,1662.4226913317773,28.111417140145605,57.35978853106394,0,0,0,82.49534429462116,0,0,0,0,145.56559869240084,0,577.8182812705932,0,0,0,0
2022-08-28,0,918.356023961267,0,0,0,33.06536232005326,0,0,378.6319281925972,0,1180.7565827998044,36.55548006829101,0,0,61.214355342950995,0,129.73278761652722,0,0,0,0,195.70097417846773,0,581.7073277959465,0,0,0,0
2022-09-04,54.41930262581917,693.1585878532435,0,0,0,27.90192765391167,0,0,263.9422903029556,0,619.1883346727986,19.89959724159629,0,0,0,0,192.4521418868187,0,0,0,0,142.5302781100122,0,404.2090810867165,0,0,0,0
2022-09-11,0,440.4362074928974,0,0,0,26.594252849217693,0,397.89800045078374,296.3026238117454,0,604.6159926938192,22.662924794831692,0,0,0,0,139.406997639873,0,0,0,0,96.64717659339192,0,325.8172969703498,0,0,0,0
2022-09-18,0,295.8339314127079,0,0,0,6.876589605448682,0,0,294.02124798663505,0,472.65482479588366,15.587847034200232,0,0,0,0,73.61667414326355,0,0,0,0,49.82273176536908,0,471.3675995839732,0,0,0,0
2022-09-25,0,190.3965690966547,0,0,0,0,0,0,197.82621167101996,0,292.90798038266564,65.15333302264249,0,0,0,0,46.29011064814996,0,0,0,0,30.272338836043573,0,369.4171586631598,0,0,0,0
2022-10-02,0,275.5421334426452,0,0,0,7.220137117428075,0,0,224.217858527934,0,360.9549890563573,49.21370664717794,0,0,0,0,48.811647254884825,0,0,0,0,39.71580139214398,0,389.61115636970686,0,0,0,0
2022-10-09,0,248.68482979398587,0,0,0,8.444028566648685,0,0,217.41575782325623,0,366.3466858638071,22.763652760645567,0,0,0,0,48.700921450940506,0,0,0,0,0,0,294.8364553489541,0,0,0,0
2022-10-16,0,303.0469867252671,0,0,0,20.363677310365432,0,0,209.8452681494257,0,488.9828933799831,8.962617552827185,0,0,0,0,58.22651588969515,0,0,0,0,22.615749941239,0,236.87869902132513,0,0,0,0
2022-10-23,0,480.6047059506875,0,0,0,11.46987520342213,0,0,266.77604703435617,0,798.7239703386053,24.58968968556691,0,0,0,0,46.92176779223262,0,0,0,0,102.86117052326436,0,202.34770820528797,49.42710365396029,0,0,0
2022-10-30,0,452.3415569532823,0,0,0,6.963419168988482,0,0,260.74269255578093,0,640.1923867056576,0,0,0,0,0,34.46181719484387,0,0,0,0,34.122853183512085,0,219.9047757088186,0,0,0,0
2022-11-06,0,371.72983854195655,0,0,0,12.728820567449286,0,0,370.0634301148976,0,612.7956584240218,0,0,0,0,0,20.334262203546984,0,0,0,0,0,0,233.51187438239415,0,0,0,0
2022-11-13,0,235.9804875983412,0,0,0,14.422820494565457,0,0,171.97160249435305,0,431.4518884168516,0,0,0,0,0,21.539020698087537,0,0,0,0,0,0,141.85300158452685,0,0,0,0
2022-11-20,0,106.06162432679204,0,0,0,8.297515452869147,0,0,108.8452321816458,0,239.11825868714,14.88679853501941,0,0,0,0,20.182886447821208,0,0,0,0,0,0,182.7149760783352,0,0,0,0
2022-11-27,0,55.54666178484465,0,0,0,0,0,0,98.2693585380504,0,165.72929932535027,0,0,0,0,0,22.580386743981688,0,0,0,0,0,0,254.94313324764877,0,0,0,0
2022-12-04,0,75.66708613096117,0,0,0,11.6060332565691,0,0,104.26886586227404,0,121.43192111376752,0,0,0,0,0,15.307899284629451,0,0,0,0,0,0,176.792345094245,0,0,0,0
2022-12-11,0,125.02404655790076,0,0,0,0,0,0,67.7027360157794,0,127.9430335812586,0,0,0,0,0,28.614162608389485,0,0,0,0,0,0,156.81068299017426,0,0,0,0
2022-12-18,0,44.52291651672781,0,0,0,8.081128004214452,0,0,67.40591913454132,0,138.57908520020604,0,0,0,0,0,0,0,0,0,0,0,0,123.33532018316018,0,0,0,0
2022-12-25,0,0,0,0,0,7.574693754805526,0,0,58.80666196478363,0,152.4467561976289,0,0,0,0,89.47712243181239,11.418425737853324,0,0,0,0,0,0,183.1944668563912,0,0,0,0
2023-01-01,0,41.79864169279941,0,0,0,0,0,0,53.50591581926471,0,109.12333843799084,0,0,0,0,0,0,0,0,0,0,0,0,132.9791275342247,0,0,0,0
2023-01-08,0,66.43398961731626,0,0,0,0,0,0,63.94986261023788,0,105.40179312024968,0,0,0,0,0,36.40253334225244,0,0,0,0,0,0,114.59102501622915,0,0,0,0
2023-01-15,0,54.9881016949148,0,0,0,0,0,0,52.449692980865734,0,111.06260903476527,0,0,0,0,0,0,0,0,0,0,0,0,113.66474563769532,0,0,0,0
2023-01-22,0,54.90358004071552,0,0,0,0,0,0,39.607624865692046,0,92.6103360168787,0,0,0,0,0,11.566855442420632,0,0,0,0,0,0,102.238657775776,0,0,0,0
2023-01-29,0,70.19212350461454,0,0,0,13.957767678180687,0,0,48.92881193059449,0,101.85838685696451,10.703943544136404,0,0,0,0,14.877686918510957,0,0,0,0,0,0,136.4410888871556,0,0,0,0
2023-02-05,0,62.77454946056928,0,0,0,17.39406231835694,0,0,68.19818549763585,0,105.15750634129157,0,0,0,0,0,0,0,0,0,0,0,0,106.44948923114517,0,0,0,0
2023-02-12,0,223.1877822840722,0,0,0,10.35790375868092,0,0,65.13355520597169,0,148.24340828945495,6.871159906215156,0,0,0,0,9.430542342416013,0,0,0,0,0,0,76.66443834712656,0,0,0,0
2023-02-19,0,151.2399253855721,0,0,551.923360220895,22.32296358067214,0,0,56.682542147252455,0,179.79485846023377,6.4530115628968,0,0,0,0,0,0,0,0,0,0,0,127.91151980759332,0,0,0,0
2023-02-26,0,92.23607858755742,0,0,65.40533640956203,8.908900774235903,0,0,64.97167676638077,0,167.94877999274505,0,0,0,0,0,8.209438854217128,0,0,0,0,0,0,125.64900096029032,0,0,0,0
2023-03-05,0,103.25308366341126,0,0,0,40.909751422589906,0,0,71.63338250744498,0,169.76509251573472,6.893328969334162,0,0,0,0,10.135603174739394,0,0,0,0,0,0,108.85300412811443,0,0,0,0
2023-03-12,0,147.81555722765478,0,0,0,18.470650641552027,0,0,80.2882523777028,0,242.7954491699228,10.185508705686315,0,0,0,0,15.314370097367092,0,0,0,0,0,0,236.2828630519232,0,0,0,0
2023-03-19,0,139.49440734612617,0,0,56.602405187544285,22.404501406239344,0,0,107.51974143311524,0,217.49253952982485,0,0,0,0,0,17.396522823813907,0,0,0,0,0,0,460.9012623936585,0,0,0,0
2023-03-26,0,119.28510782013566,0,0,0,37.00314009695588,0,0,128.27967862897705,0,209.20324277093096,8.141508239314678,0,0,0,0,26.90965509931977,0,0,0,0,0,0,574.1084782507525,0,0,0,0
2023-04-02,0,99.75362301349884,0,0,90.60217621673657,17.979002862762876,0,0,167.55444930305654,0,318.5846562112403,7.80125694838016,0,0,0,0,13.472276639162354,0,0,0,0,0,0,582.9725131561569,0,0,0,0
2023-04-09,0,232.67466812119363,0,0,102.58009420848371,18.429726210959817,0,0,163.3547762258731,0,376.7718331640509,8.02987438177594,0,0,0,0,16.204177046145414,0,0,0,0,67.38502044698672,0,479.05645807359673,0,0,0,0
2023-04-16,0,299.9534864281483,0,0,0,18.82956729900362,0,0,182.339891688446,0,392.7872352070845,74.71969638003014,0,0,0,0,17.72671532082576,0,0,0,0,25.57200778945009,0,484.2286495735815,0,0,0,0
2023-04-23,0,235.73525324092455,0,0,0,16.116653305347178,0,0,195.67900110972113,0,417.49126163933903,145.95583918492662,0,0,0,0,39.32620215954112,0,0,0,0,59.51404578719056,0,523.4730158971698,0,46.519000547123696,0,0
2023-04-30,0,806.0718226060567,0,0,78.57821908714546,27.438038482010786,0,0,206.8666050629211,0,978.8980484136669,165.71238576722084,0,0,0,0,28.348739759705477,0,0,0,0,173.04606819386478,0,377.1571112874968,0,0,0,0
2023-05-07,0,754.0146118388504,0,0,136.15076842984882,90.6873512862672,0,0,177.1691960459517,0,637.8215686225248,74.55311745007315,0,0,0,0,31.477783135851393,0,0,0,0,251.46141092229863,0,258.5128951147898,0,0,0,0
2023-05-14,0,1873.1002195392805,0,0,77.13591603712088,208.89822507662777,0,0,140.543367331065,0,798.4771763942097,87.97194720081167,0,0,0,0,25.02103954864901,0,0,0,0,519.7453472135728,0,404.3934758864552,0,0,0,0
2023-05-21,0,1730.5407461623513,0,0,171.69728568414337,120.4352162897294,0,0,145.48841851603487,0,936.197679813238,134.04130439353864,0,0,63.98645730251949,0,67.58619653992541,0,0,0,0,521.933964281104,0,294.25632675815535,0,0,0,198.38174662394664
2023-05-28,0,1242.1255112183812,0,0,176.02043710903672,255.85370733251892,0,0,152.69427742643842,0,944.2585053276924,83.04035372631385,0,0,0,0,91.32908693801345,0,0,0,0,827.9983686055131,0,252.48539796746988,0,0,0,0
2023-06-04,0,1100.8952441343545,0,0,96.8855462302012,518.0326513195608,0,0,176.3110726798886,0,724.7680001166956,73.2466444105151,0,0,0,0,84.44232886849245,0,0,0,0,653.8661737458877,0,279.1263025808861,0,0,0,0
2023-06-11,0,1019.7212308726364,0,0,84.04175321521208,203.7025079305498,0,0,202.3762403759217,0,700.6434647265443,91.34894517209774,0,0,160.9444897169596,0,63.66061352532334,0,0,0,0,354.76386860378085,19.100189407461816,355.29876230844405,0,0,0,0
2023-06-18,75.84617929451348,584.3914390945429,0,0,122.63168159955416,133.28639914057675,0,0,223.9261582864932,0,622.3420928208636,87.1809102333585,0,0,0,72.4585324144232,74.305654495346,0,0,0,0,179.47803227625926,0,490.8947416365768,0,0,0,158.1779795507824
2023-06-25,51.53359613538483,399.3610929169075,0,0,0,83.41610809089285,0,0,261.5483707540346,0,602.616840839283,60.92198383234202,0,0,0,0,81.44620186006543,0,0,0,0,112.43956237141684,0,488.1387209114397,0,0,0,0
2023-07-02,0,575.1974981962805,0,0,196.3832003457687,66.50651679420858,0,0,312.6563734037511,0,662.5573919452941,39.92639535234894,0,0,0,0,76.0976408452798,0,0,0,0,158.30291352644457,0,498.95152638076866,0,0,0,0
2023-07-09,0,620.7440565791375,0,0,90.48352655448096,170.7433327718041,0,0,357.2765447762287,0,747.0053326332575,35.60346276689775,0,0,0,0,77.40835791998795,0,0,0,0,157.70269398297614,0,678.766142655175,0,0,0,0
2023-07-16,53.41433478185083,574.2666145058873,0,0,0,60.19163722527995,0,0,404.5883781168018,0,875.922781962915,104.4276379248316,0,0,0,0,55.818216861552806,0,0,0,0,104.26831134737152,0,745.6713430828845,0,0,0,0
2023-07-23,0,409.47571931776935,0,0,61.75890245129344,112.47983381067796,0,0,365.5866169497955,0,838.000705236149,147.58963134861395,0,0,0,0,55.783444157214426,0,0,0,0,138.75436506294503,0,1129.097853932909,0,0,0,0
2023-07-30,0,813.1342815829197,0,0,0,104.26452645853878,0,0,492.7784960994878,0,866.379340874365,113.33030936891454,0,0,0,0,60.623636450815376,0,0,0,0,111.18509785929363,0,952.4231761682556,0,0,0,0
2023-08-06,0,751.8049110806576,0,0,0,68.34865948302264,0,0,568.8135554553759,0,1217.9026981571228,114.96452973481998,0,0,0,0,87.23606356683595,0,0,0,0,131.42415798237175,0,1114.8480597409653,0,0,0,0
2023-08-13,0,970.1596924853516,0,0,0,92.25309056283284,0,0,626.155594937429,0,1459.587015968351,169.62554210723096,0,0,0,0,130.90049476692897,0,0,0,0,224.73325739275137,0,1381.0503924161849,0,0,0,0
2023-08-20,280.7039268284404,971.8977326340432,0,0,124.96255942225878,95.49715485549656,0,0,673.4027983599093,0,1442.9424120483,206.15475166839113,0,0,116.33355537572996,0,146.9679395590864,0,0,0,0,216.59693345616677,0,2640.9675480472915,0,0,0,171.5832179143487
2023-08-27,96.98964184004755,1222.4283669962488,0,0,0,67.94764680414985,0,0,501.8116419958671,0,905.2339342090186,131.18392858009292,0,0,683.7679358242801,0,97.57755181235622,0,0,0,0,339.6283468727412,0,2394.5887911094405,0,0,0,0
2023-09-03,112.84653994950492,1439.4039011973528,0,0,101.75054291700684,146.58514898364947,0,0,557.5082077071255,0,1342.506326494409,973.2932943373756,0,0,665.575510923425,89.23196793623188,112.08870856276776,0,0,0,0,296.14558604520107,0,1725.0833859148238,0,0,0,355.6846528194986
2023-09-10,0,1112.5261571485153,0,0,141.83168007736973,183.38895244989425,0,0,426.6434857113189,0,1186.8432160685095,526.7541344038281,0,0,301.3204835601912,0,168.44318356221285,0,0,0,0,272.99250971879894,0,1414.538885078817,0,0,0,123.5033367873037
2023-09-17,0,911.5205417214264,0,0,120.94671117848624,133.07510731721396,0,0,281.80872873187195,0,692.8418194879351,182.72101624163483,0,0,126.45522800092375,0,73.24817973477678,0,0,0,0,184.1269434172233,0,1192.0388598353595,0,0,0,0
2023-09-24,0,1109.4302947313586,0,0,0,202.33449386602865,0,0,358.91921823619356,0,686.3617828932432,137.66592398228067,0,0,70.62764722089241,0,192.31405244214895,0,0,0,0,203.47293730319407,0,1239.0096119872278,0,0,0,0
2023-10-01,0,1063.343146290589,0,0,1516.2438224664568,160.8956211646152,0,0,401.97920588815816,0,832.4301478965203,140.67102939443689,0,0,232.5898020262881,0,95.45492768031376,0,0,0,0,129.98787547791102,0,1294.2540284565096,0,0,0,412.7044926678848
2023-10-08,101.66971300578398,1202.004085149559,0,0,2052.22276951864,181.14631713735125,0,0,411.8431766694667,0,933.96915115933,126.46775074493311,0,0,770.6986133061743,0,94.83196966608922,0,0,0,0,180.58128799051036,0,860.9570456558172,0,0,0,355.2792794516748
2023-10-15,0,870.2652466028278,0,0,302.64621554226096,66.5467551778959,0,0,250.18470090533248,0,648.6263413903157,82.57804606130745,0,0,84.6593138209383,0,60.44032773129172,0,0,0,0,119.71701576972536,0,446.1668602666372,0,0,0,156.15613791061972
2023-10-22,0,613.9940495826081,0,0,189.3948101676042,90.0974123120096,0,0,217.501359059353,0,639.0500685238562,61.10251331045891,0,0,132.301297585483,0,68.4541778488953,0,0,0,0,93.35120534064198,0,379.1104193470273,0,0,0,0
2023-10-29,0,761.4942113216559,0,0,0,93.92468987823528,0,0,220.63870908322903,0,538.1480391249838,64.3484622994285,0,0,0,0,46.964360756229375,0,0,0,0,91.41912514122504,0,444.12082306231895,0,0,0,0
2023-11-05,0,668.1224866753753,0,0,69.96134088513297,63.952539839107466,0,0,163.77821779769127,0,526.4028938024641,36.90851047549356,0,0,0,0,59.097517555318895,0,0,0,0,71.73881968942581,0,324.07366048224065,0,0,0,0
2023-11-12,0,419.7276250883152,0,0,0,51.59963266646312,0,0,166.0255642039474,0,352.7065138773079,21.72221185375121,0,0,0,0,49.98503656388819,0,0,0,0,37.312281318526935,0,363.1015068418283,0,0,0,0
2023-11-19,0,250.83958829084332,104.0165841084062,0,0,41.037491727047595,0,0,148.68735258547594,0,276.1428697387027,19.53875308706763,0,0,0,0,21.605266964385866,0,0,0,0,30.483375453760104,0,364.49037121193,0,0,0,0
2023-11-26,0,144.9826210046986,0,0,0,39.897037481821016,0,0,114.59511881074742,0,176.93284736534756,12.132971336830291,0,0,0,0,9.69424026508353,0,0,0,0,30.07922986004142,0,252.51310548084135,0,0,0,0
2023-12-03,0,102.29117559874328,0,0,0,21.886798621560533,0,0,91.56227705887844,0,136.43237008880467,15.555836457184787,0,0,0,0,17.304429258119455,0,0,0,0,34.92955513283101,0,185.62390381598576,0,0,0,0
2023-12-10,0,134.45925121603034,0,0,0,23.03224070486331,0,0,73.27281899568892,0,121.004329251424,15.184482082064171,0,0,0,0,10.291071013545194,0,0,0,0,35.70708642757287,0,213.3011003526222,0,0,0,0
2023-12-17,0,73.21137319941195,0,0,0,8.96115489307934,0,0,54.47414380652591,0,97.33838051061342,14.52705814608172,0,0,0,0,11.669070276850626,0,0,0,0,0,0,229.484268126936,0,0,0,0
2023-12-24,0,0,0,0,0,11.478332519860905,0,0,68.7695613471549,0,133.97651365984967,18.390418071328593,0,0,0,0,19.911290317338544,0,0,0,0,0,0,273.67098538463836,0,0,0,0
2023-12-31,0,74.30728702023211,0,0,0,13.751284068235613,0,0,51.88533854518774,0,105.76575209906524,13.914379404171422,0,0,0,0,16.2634690891171,0,0,0,0,0,0,157.5310874851323,0,0,0,0
2024-01-07,0,115.29193447051962,0,0,0,9.717308024866918,0,0,50.84656178037323,0,83.28284328460644,15.09867929062518,0,0,0,0,76.24412379886051,0,0,0,0,0,0,124.90606507638664,0,0,0,0
2024-01-14,61.19951490410386,87.51823202783672,0,0,0,18.24170186446387,0,0,58.04865372750648,0,87.174656598002,20.920967647969576,0,0,0,0,70.9245587782768,0,0,0,0,22.696393103331364,0,128.30650872575538,0,0,0,0
2024-01-21,0,180.27343426588791,0,0,0,13.514620669679788,0,0,66.69579458877982,0,107.42572439407144,10.606338824284794,0,0,0,0,47.3165767247573,0,0,0,0,0,0,200.41768596906107,0,0,0,0
2024-01-28,75.20023943315083,165.65727550042675,0,0,0,16.61162622882646,0,0,75.83011267224178,0,113.88810118454693,16.380826407783882,0,0,0,0,47.48203602882811,0,0,0,0,47.12637592317103,0,262.48907294047723,0,0,0,0
2024-02-04,0,140.1587350728034,0,0,0,20.73098351816249,0,0,52.90118153076004,0,140.3344414379397,22.41463282473929,0,0,0,0,48.42023760910663,0,0,0,0,34.793432725475206,0,163.2937181282571,0,0,0,0
2024-02-11,0,204.66958779211188,0,0,0,31.11669767150968,0,0,67.75305162486863,0,253.4210536292316,16.75438070061571,0,0,0,0,32.57505588979857,0,0,0,0,0,0,200.444201290706,0,714.2883926347564,0,0
2024-02-18,0,206.4373028125808,0,0,113.18515373514182,27.332804992763275,0,0,86.01552173708929,0,203.1476383825316,22.081238755687487,0,0,0,0,24.691053835394506,0,0,0,0,78.38206034611717,0,311.7481096970968,0,0,0,0
2024-02-25,0,239.33149894445253,0,0,100.83651008029578,32.99378279663076,0,0,77.89271075888523,0,264.0178705085937,21.658794490652426,0,0,0,0,18.23837916972734,0,0,0,0,189.25375103189927,0,192.20919337592764,0,0,0,339.73499009848973
2024-03-03,59.051096840093415,551.3778856355672,0,0,0,24.146786470800468,0,0,59.90534415500672,0,279.85519322933834,14.824654026029217,0,0,0,0,17.40378447545881,0,0,0,0,75.4448357031718,0,130.6705934702594,0,0,0,139.67535592068305
2024-03-10,0,427.60698198568974,0,0,110.74384409339552,54.86717949968991,0,0,110.10358335507372,0,371.8788924186683,21.070799515617317,0,0,0,0,30.222734590400982,0,0,0,0,77.57730099377193,0,271.3703989577813,0,0,0,377.6572819520479
2024-03-17,0,441.7825199074472,0,0,0,907.9099570272388,0,0,184.4994990009129,0,1307.686829917497,42.20135382602657,0,0,0,0,21.880260912236373,0,0,0,0,108.57293121648468,18.50034810560136,738.6179821099107,0,0,0,175.20464491972592
2024-03-24,0,254.61235631759004,0,0,144.1447966157368,260.5426213474615,0,0,131.4728720002342,0,489.1171641606361,60.640533863807015,0,0,0,0,14.756243967797523,0,0,0,0,106.73560748422103,0,223.89934897616348,0,0,0,0
2024-03-31,0,357.1073645647774,0,0,156.2886213428147,146.82667570092198,0,0,117.05005329956391,0,507.1236337370074,73.18016810291824,0,0,0,0,41.18446490076068,0,0,0,0,66.61448116107205,0,361.4054305697842,0,0,0,519.8794086162211
2024-04-07,1878.581836961282,840.3545734581205,0,0,159.39274772738435,198.71508180112076,0,0,221.3278556800696,0,941.8477392007007,74.82028122226677,0,0,98.4950018899632,0,49.85141308238483,0,0,0,0,147.54446080069232,0,713.4375897003538,0,0,0,227.9940058575465
2024-04-14,858.6511210553847,475.92761147207926,0,0,72.1056292514614,131.77739234124255,0,0,332.54684069579315,0,736.5945743911814,51.394197465349485,0,0,0,0,51.96454970926632,0,0,0,0,397.6773214563625,0,994.2476784623618,0,0,0,356.2946990886712
2024-04-21,239.78573765593325,225.18174600998827,0,0,76.76314892983841,119.1736480462542,0,0,180.6674347698318,0,341.8754392894964,52.01282662933411,0,0,0,0,40.65894418195943,0,992.481899304796,0,0,81.02598823145236,0,553.6054232183602,0,0,0,158.1157970920868
2024-04-28,352.2780142512856,836.252943805173,0,0,232.14899177165955,241.9993442234094,0,0,119.91045474780366,0,413.5357661997901,58.098173245849665,63.12135979150343,0,0,0,40.4665063025533,0,0,0,0,366.6449497927416,0,289.7162377388091,0,0,0,273.8588081161751
2024-05-05,267.677522127185,1238.1409766907975,0,0,310.92351634793727,257.0426870274292,0,0,176.02933857077386,0,761.0732784928982,201.31267624162044,0,0,0,0,92.55892533417496,0,0,0,0,612.3842150476845,0,418.437954315269,0,0,0,295.65572973845366
2024-05-12,131.36726556707958,1483.403628017218,0,0,248.715083985908,391.57237907537615,0,0,158.41857906594845,0,628.4918168000966,239.56678747996585,0,0,85.53405146972646,0,249.9845801610884,0,0,0,0,484.24723708991615,0,290.6731955789788,0,0,0,136.1662786460722
2024-05-19,153.39923478882042,830.1003716010969,0,0,168.32686814705485,227.58617096282757,111.52453456590892,0,167.67642321527893,0,623.3443674621224,2181.699548718364,0,508.5475685622415,0,1174.796779241233,100.57401924580712,0,0,0,0,274.04660241577534,0,305.93081144827835,0,0,475.1348909953985,164.53349663732791
2024-05-26,123.00007983346718,416.263203839073,0,0,143.21443343300407,194.6046911200197,0,0,191.575531998726,0,338.5612819632883,217.68800189058345,0,0,0,0,185.6820867874908,0,0,0,0,210.0867149831487,0,465.54994292871737,0,0,0,133.64729677257566
2024-06-02,162.75744073044785,540.1057335220074,0,0,123.63267873798512,271.4091292716899,0,0,195.29065054178596,0,523.9305463614452,767.9518597456924,0,0,0,0,181.07832140211897,0,1155.0250336304928,0,0,262.67396532312387,0,450.3752331500069,0,0,0,150.3579872007558
2024-06-09,138.96706114360506,347.7404417447711,0,0,188.26651694732791,197.3352276360518,0,0,146.62001253160085,0,329.342201745811,152.28371708533894,0,0,0,0,114.64440708363271,0,0,0,0,82.81384272872715,0,385.7469922822328,0,0,0,143.5781310113878
2024-06-16,124.88821225209652,330.7879379723341,0,0,212.7069405250446,137.3152700677174,0,0,204.15979864555052,0,347.41980545257525,180.1630721693652,0,0,0,0,96.89868311541665,0,0,0,0,149.26768687466787,0,354.7815290337973,0,0,0,0
2024-06-23,158.47647954186692,474.93382605445015,0,0,256.34183280646624,179.92665303536165,0,0,245.621825742505,0,496.50526163894745,152.2128413639878,0,160.61935232463506,0,0,67.60372616404307,0,0,0,0,205.268808160562,0,382.20725300276587,0,112.90298491674208,0,154.73190244719635
2024-06-30,96.1393973451613,232.61370553186885,0,0,138.34696191352336,67.65721168927736,0,0,285.52239485978714,0,280.38012133529895,64.61633128355801,0,0,0,0,102.89581987198666,0,0,0,0,51.01061816668901,0,471.9109877382163,0,0,0,0
2024-07-07,102.86891245496608,330.43290238662996,0,0,191.7479085388492,101.18368933418164,0,0,306.82244100210954,0,390.4311496210798,68.85819034715367,0,0,0,0,87.87082870736589,0,0,0,0,92.8150011782423,0,499.8958011271683,0,0,0,226.7703333199802
2024-07-14,154.45429051239867,402.12030916841456,0,0,187.5124259667155,128.25143100921554,0,0,331.3604287130801,0,559.936368704018,99.0346447257739,0,0,0,0,114.52480353108176,0,0,0,0,144.73390814368386,0,648.8022988939015,0,0,0,145.64661830810203
2024-07-21,142.50981110517867,442.4724304096856,0,0,167.1999771327414,219.34331637761687,0,0,461.78960698656874,0,583.7111343277443,95.64993431968075,0,0,0,0,137.69217309276058,0,0,0,0,200.04610215140295,0,974.6992369011996,0,0,0,159.59886919341224
2024-07-28,126.54855004941432,534.3924292605727,0,0,156.14545166794744,139.7098220544831,0,0,485.82399068237464,0,794.3326360117836,123.81100501753016,0,0,0,0,131.13478578972757,0,0,0,0,248.33317650145045,0,1240.95223626104,0,0,0,225.46584889895337
2024-08-04,195.96696643238553,624.7190721726915,0,0,1011.0698109287232,143.88152805540156,0,0,559.4578141412231,0,823.0557188363707,103.3354413359396,0,0,0,0,111.44546266426748,0,0,0,0,235.41512381554003,0,1087.199998928322,0,0,0,348.1551586258539
2024-08-11,304.860239667871,618.2122986970105,0,0,429.65305393634986,243.11536168862477,0,0,607.1746576820858,0,982.1508921846442,118.648611111256,0,0,0,0,163.40397464667504,0,0,0,0,261.75253072163184,0,1109.659101431942,0,0,0,329.7687953393781
2024-08-18,156.8752241718941,446.5453345838223,0,0,267.4683501934638,149.5270922147122,0,0,558.2292649763659,0,814.9248195647215,87.42901516023984,0,0,0,0,169.01463441994227,0,0,0,0,234.93897190140945,0,1167.5566878594102,0,0,0,361.4888270958719
2024-08-25,189.34770422692444,615.9791777840317,0,0,216.72272913968592,172.5827864591486,0,0,532.8102463384992,0,938.1586352032105,104.33249923411776,0,0,0,0,196.76320580424868,0,0,0,0,247.8362529639175,0,1087.3720005029872,0,0,0,233.55365410013505
2024-09-01,166.60240205893933,533.9955584126849,0,0,183.1135744334749,150.18652120178888,0,0,400.5933416729786,0,594.5706539122739,201.1127447340428,0,0,83.1820801247699,0,156.55237999316307,0,0,0,0,244.40137409943415,0,1010.766775068336,0,0,0,410.2820684895461
2024-09-08,65.93346472312808,330.1220683162337,0,0,65.60393863855708,88.24056908113312,0,0,339.8270977009999,0,418.4615543417332,107.38108047573924,0,0,0,0,78.53785857566078,0,0,0,0,226.79070403281412,0,951.5828695650256,0,0,0,511.2320331117313
2024-09-15,0,433.9301638040184,0,0,0,102.19437843736408,0,0,315.57694052798183,0,489.212469805712,102.64155482513256,0,0,192.90198266865656,0,66.82335461562973,0,0,0,0,187.5270446357069,0,924.8592640916828,0,0,782.1557345108115,179.56856425699382
2024-09-22,0,320.9144276015382,0,0,70.26050131936225,97.2428925752232,0,0,248.73357740867715,0,640.5531815043138,71.45249311587102,82.23906023278327,0,0,0,55.95712336941672,0,0,0,0,83.39607261417008,0,755.9550696822984,0,0,349.674688020438,209.21275001534008
2024-09-29,0,245.05610265307817,0,0,0,97.8787380017652,0,0,253.47613536680743,0,417.9285973720611,90.99794224295806,0,0,0,0,108.01207993100856,0,0,0,0,197.34187316879172,0,483.36066699325846,0,45.99965159452791,0,1503.4729777546604
2024-10-06,69.8524623070356,286.154052443282,0,0,66.51954456592861,90.3602210380724,0,0,196.71889578583688,0,362.4454483315295,68.97939800325535,0,0,0,0,88.59264464250478,0,0,0,0,197.21625349031717,0,560.8546483139929,0,0,0,759.3258928460393
2024-10-13,0,268.6368225921053,0,0,0,119.79425846237598,0,0,218.81197862936853,0,488.84421601910935,55.433819766816,0,0,0,0,48.632404809088065,0,0,0,0,114.41531182406224,0,935.75596843003,0,0,0,235.7369216259403
2024-10-20,0,468.011836344525,0,0,0,107.66550693574656,0,0,204.02827496865825,0,521.7071244149507,46.775804748542654,0,0,0,0,62.7550855905491,0,0,0,0,196.3232262786387,0,596.5333832781058,0,0,0,166.4401332092376
2024-10-27,0,465.84397248397255,0,0,0,219.26672220132568,0,0,169.7012375329356,0,529.0456628935283,41.48872493643869,0,0,0,0,54.380533328602105,0,1097.8815142727185,0,0,118.45977874630596,0,331.9835106432652,0,0,0,0
2024-11-03,0,326.739073902012,0,0,0,153.20121273997526,0,0,171.08757469149754,0,509.2523912511805,15.36905980266808,0,0,0,0,54.68758174821035,0,0,0,0,79.46867126950578,0,451.7829695971302,0,0,0,152.02670012597562
2024-11-10,0,388.5979285703441,0,0,0,110.0102568351172,0,0,147.73595480521658,0,436.8456964603465,19.57232563171332,0,0,0,0,35.13968656412173,0,0,0,0,40.824156054901984,0,360.93164779478826,0,0,0,0
2024-11-17,0,259.4714568143051,0,0,0,66.61960748023708,0,0,184.26760141392324,0,236.75461366671675,34.60454296322519,0,0,0,0,27.21822443323262,0,0,0,0,55.29802184599635,0,425.47931483451424,0,0,0,0
2024-11-24,0,306.93361213013645,0,0,0,114.09482615973418,0,0,124.9039799357404,0,259.793197250031,31.79346342825862,0,0,0,0,26.73452410818256,0,0,0,0,62.38565103516495,0,828.6535331045159,0,0,0,0
2024-12-01,0,203.28053836268137,0,0,0,47.002085465395666,0,0,98.95206182122008,0,165.43655232353134,16.326541596682212,0,0,0,0,25.182883772339245,0,0,0,0,32.45150680843425,0,410.5367300745097,0,0,0,0
2024-12-08,0,86.6750884179945,0,0,0,34.16893219489456,0,0,81.87920692050966,0,122.039582190565,19.487165492997292,0,0,0,0,21.68220647032411,0,0,0,0,0,0,259.54444996109044,0,0,0,0
2024-12-15,0,0,0,0,0,55.498529829927016,0,0,77.91961964339525,0,89.31991081337249,16.758837150447288,0,0,0,0,13.010170154406117,0,0,0,0,36.42489579867302,0,248.102667183366,0,0,0,0
2024-12-22,0,57.68917427490966,0,0,0,28.25383657461559,0,0,60.66224225228855,0,108.36823220272106,0,0,0,0,0,19.365397691285615,0,0,0,0,0,0,254.83211791299664,0,0,0,0
2024-12-29,0,0,0,0,0,18.23239897152478,0,0,49.2826712654439,0,80.95205778748625,10.704497802122177,0,0,0,0,19.983918047878433,0,0,0,0,0,0,193.6330207028946,0,0,0,0
